"id","name","hiragana"
2,"鶏モモ肉","とりももにく"
12,"卵","たまご"
22,"ご飯","ごはん"
32,"出汁","だし"
42,"みりん","みりん"
52,"醤油","しょうゆ"
62,"三つ葉","みつば"
72,"粉山椒","こなざんしょう"
82,"砂糖","さとう"
92,"片栗粉又は葛粉","かたくりこまたはくずこ"
102,"油","あぶら"
112,"大根おろし","だいこんおろし"
122,"おろしニンニク","おろしにんにく"
132,"おろし生姜","おろししょうが"
142,"塩","しお"
152,"レモン汁","れもんじる"
162,"片栗粉","かたくりこ"
172,"揚げ油","あげあぶら"
182,"レモン","れもん"
192,"豚バラスライス","ぶたばららいす"
202,"ジャガイモ大","じゃがいもだい"
212,"人参","にんじん"
222,"玉葱","たまねぎ"
232,"きぬさや","きぬさや"
242,"だし汁","だしじる"
252,"海老","えび"
262,"鱚","きす"
272,"長茄子","ながなす"
282,"さつま芋","さつまいも"
292,"伏見唐辛子","ふしみとうがらし"
302,"小麦粉","こむぎこ"
312,"薄力粉","はくりきこ"
322,"卵黄","らんおう"
332,"冷水","ひやみず"
342,"サラダ油","さらだあぶら"
352,"胡麻油","ごまあぶら"
362,"すだち","すだち"
372,"生姜おろし","しょうがおろし"
382,"水","みず"
392,"だしの素","だしのもと"
402,"濃口醤油","こいくちしょうゆ"
412,"ごぼう","ごぼう"
422,"さきイカ","さきいか"
432,"炒りごま","いりごま"
442,"タカのツメ","たかのつめ"
452,"酒","ざけ"
462,"赤パプリカ","あかぱぷりか"
472,"黄パプリカ","きぱぷりか"
482,"赤プチトマト","あかぷちとまと"
492,"黄プチトマト","きぷちとまと"
502,"お米","おこめ"
512,"油揚げ","あぶらあげ"
522,"しいたけ","しいたけ"
532,"濃い口醤油","こいくちしょうゆ"
542,"たけのこの水煮","たけのこのみずに"
552,"木の芽","きのめ"
562,"薄口しょう油","うすくちしょうゆ"
572,"顆粒だし","かりゅうだし"
582,"大根","だいこん"
592,"ちくわ","ちくわ"
602,"京がんも","きょうがんも"
612,"さつま揚げ","さつまあげ"
622,"ゆで卵","ゆでたまご"
632,"昆布","こんぶ"
642,"しょうゆ","しょうゆ"
652,"薄口しょうゆ","うすくちしょうゆ"
662,"溶きからし","ときからし"
672,"牛ロース薄切り肉","ぎゅうろーすうすぎりにく"
682,"焼き豆腐","やきどうふ"
692,"しらたき","しらたき"
702,"長ネギ","ながねぎ"
712,"生しいたけ","なましいたけ"
722,"えのきたけ","えのきたけ"
732,"玉ねぎ","たまねぎ"
742,"春菊","しゅんぎく"
752,"だし","だし"
762,"牛脂、砂糖","ぎゅうし、さとう"
772,"切り干し大根","きりぼしだいこん"
782,"ごま油","ごまあぶら"
792,"七味","しちみ"
802,"芽ひじき","めひじき"
812,"鶏もも肉","とりももにく"
822,"にんじん","にんじん"
832,"鰤","ぶり"
842,"湯がいて刻んだ大根葉","ゆがいてきざんだだいこんは"
852,"柚子の皮","ゆずのかわ"
862,"生さば","なまさば"
872,"生姜","しょうが"
882,"白ネギ","しろねぎ"
892,"味噌","みそ"
902,"しょうが","しょうが"
912,"キャベツ又はレタス","きゃべつまたはれたす"
922,"牛肉","ぎゅうにく"
932,"玉子","たまご"
942,"八丁味噌","はっちょうみそ"
952,"鶏モモ","とりもも"
962,"ゴボウ","ごぼう"
972,"里芋","さといも"
982,"干し椎茸","ほししいたけ"
992,"こんにゃく","こんにゃく"
1002,"レンコン","れんこん"
1012,"キヌサヤ","きぬさや"
1022,"椎茸もどし汁","しいたけもどしじる"
1032,"里いも","さといも"
1042,"米ぬか","こめぬか"
1052,"きび砂糖","きびざとう"
1062,"濃口しょうゆ","こいくちしょうゆ"
1072,"マグロ","まぐろ"
1082,"わけぎ","わけぎ"
1092,"ゆでだこ","ゆでだこ"
1102,"練りからし","ねりからし"
1112,"米酢","こめず"
1122,"白みそ","しろみそ"
1132,"小ねぎ","こねぎ"
1142,"鶏ひき肉","とりひきにく"
1152,"鶏なんこつのミンチ","とりなんこつのみんち"
1162,"長ねぎ","ながねぎ"
1172,"粉さんしょう","こなさんしょう"
1182,"ブランデー","ぶらんでー"
1192,"赤みそ","あかみそ"
1202,"大根の煮汁","だいこんのにじる"
1212,"水溶き片栗粉","みずときかたくりこ"
1222,"牛こま切れ肉","ぎゅうこまぎれにく"
1232,"焼きどうふ","やきどうふ"
1242,"きゅうり","きゅうり"
1252,"みょうが","みょうが"
1262,"乾燥わかめ","かんそうわかめ"
1272,"こんぶ","こんぶ"
1282,"塩水","しおみず"
1292,"土佐酢","とさす"
1302,"かつお節","かつおぶし"
1312,"かぼちゃ","かぼちゃ"
1322,"おから","おから"
1332,"薄口醤油","うすくちしょうゆ"
1342,"豚ひき肉","ぶたひきにく"
1352,"さやいんげん","さやいんげん"
1362,"いりごま","いりごま"
1372,"きざみのり","きざみのり"
1382,"スルメイカ","するめいか"
1392,"七味とうがらし","ひちみとうがらし"
1402,"ほうれん草","ほうれんそう"
1412,"すりごま","すりごま"
1422,"ごまペースト","ごまぺーすと"
1432,"カレイ","かれい"
1442,"小なす","こなす"
1452,"豚バラ肉","ぶたばらにく"
1462,"椎茸","しいたけ"
1472,"たまねぎ","たまねぎ"
1482,"じゃがいも","じゃがいも"
1492,"信州みそ","しんしゅうみそ"
1502,"鯵","あじ"
1512,"長葱","ながねぎ"
1522,"獅子唐辛子","ししとうがらし"
1532,"酢","す"
1542,"赤唐辛子","あかとうがらし"
1552,"海苔","のり"
1562,"たくあん","たくあん"
1572,"蟹ほぐし身","かにほぐしみ"
1582,"まぐろ","まぐろ"
1592,"いくら醤油漬け","いくらしょうゆづけ"
1602,"大葉","おおば"
1612,"胡瓜","きゅうり"
1622,"炊いた白飯","たいたしろめし"
1632,"はまぐり","はまぐり"
1642,"うど","うど"
1652,"菜の花の葉","なのはなのは"
1662,"かつおぶし","かつおぶし"
1672,"全卵","ぜんらん"
1682,"鰹出汁","かつおだし"
1692,"百合根","ゆりね"
1702,"銀杏","いちょう"
1712,"蒲鉾","かまぼこ"
1722,"生海苔","なまのり"
1732,"淡口醤油","うすくちしょうゆ"
1742,"水溶きくず","みずときくず"
1752,"わさび","わさび"
1762,"米","べい"
1772,"穀物酢","こくもつず"
1782,"刺身サーモン","さしみさーもん"
1792,"刺身用鯛","さしみようたい"
1802,"車海老","くるまえび"
1812,"塩イクラ","しおいくら"
1822,"桜塩漬け","さくらしおづけ"
1832,"白胡麻","しろごま"
1842,"筍","たけのこ"
1852,"鷹の爪","たかのつめ"
1862,"鰹昆布だし","かつおこんぶだし"
1872,"西京味噌","さいきょうみそ"
1882,"ごはん","ごはん"
1892,"のり","のり"
1902,"がり","がり"
1912,"あさつき","あさつき"
1922,"鯛","たい"
1932,"ゴーヤ","ごーや"
1942,"島豆腐","しまどうふ"
1952,"豚バラ肉スライス","ぶたばらにくすらいす"
1962,"ラード","らーど"
1972,"カステラカマボコ","かすてらかまぼこ"
1982,"豚肉","ぶたにく"
1992,"万能ねぎ","ばんのうねぎ"
2002,"ゴマ油","ごまあぶら"
2012,"栗","くり"
2022,"もち米","もちごめ"
2032,"昆布だし","こんぶだし"
2042,"秋刀魚","さんま"
2052,"焼きだれ","やきだれ"
2062,"肝","きも"
2072,"白髪葱","しらがねぎ"
2082,"パプリカ","ぱぷりか"
2092,"そば","そば"
2102,"しめじ","しめじ"
2112,"そばつゆ","そばつゆ"
2122,"みつば","みつば"
2132,"栗含ませ","くりふくませ"
2142,"さつまいもペースト","さつまいもぺーすと"
2152,"栗含ませの汁","くりふくませのしる"
2162,"味醂","みりん"
2172,"金天","きんぴら"
2182,"銀箔","ぎんぱく"
2192,"魚のすり身","さかなのすりみ"
2202,"黒豆","くろまめ"
2212,"重曹","じゅうそう"
2222,"還元鉄","かんげんてつ"
2232,"チョロギ","ちょろぎ"
2242,"鰯","いわし"
2252,"生姜汁","しょうがじる"
2262,"芽ねぎ","めねぎ"
2272,"新鮮なあら","しんせんなあら"
2282,"だし昆布","だしこんぶ"
2292,"魚の切り身","さかなのきりみ"
2302,"煮切りみりん","にきりみりん"
2312,"金柑のみつ煮","きんかんのみつに"
2322,"釜上げしらす","かまあげしらす"
2332,"水煮実山椒","みずにみさんしょう"
2342,"高野豆腐","こうやどうふ"
2352,"合わせ出汁","あわせだし"
2362,"菜の花","なのはな"
2372,"金目鯛の切り身","きんめだいのきりみ"
2382,"生姜のスライス","しょうがのすらいす"
2392,"木綿豆腐","もめんどうふ"
2402,"野菜","やさい"
2412,"七味唐辛子","しちみとうがらし"
2422,"かつお出汁","かつおだし"
2432,"茄子","なすび"
2442,"活き桜海老","いきさくらえび"
2452,"濃口醬油","こいくちしょうゆ"
2462,"しぼり生姜","しぼりしょうが"
2472,"塩鮭","しおざけ"
2482,"冷めたごはん","さめたごはん"
2492,"新生姜","しんしょうが"
2502,"ごま","ごま"
2512,"一番出汁","いちばんだし"
2522,"醬油","しょうゆ"
2532,"玄米茶","げんまいちゃ"
2542,"めんつゆ","めんつゆ"
2552,"青菜","あおな"
2562,"切り昆布","きりこんぶ"
2572,"白醤油","しろしょうゆ"
2582,"切りゴマ","きりごま"
2592,"吉野葛","よしのくず"
2602,"白胡麻ペースト","しろごまぺーすと"
2612,"ポン酢","ぽんず"
2622,"もみじおろし","もみじおろし"
2632,"胡麻","ごま"
2642,"練り胡麻","ねりごま"
2652,"椎茸の戻し汁","しいたけのもどしじる"
2662,"蒟蒻","こんにゃく"
2672,"枝豆","えだまめ"
2682,"鯖の切り身","さばのきりみ"
2692,"冬瓜","とうがん"
2702,"素麺","そうめん"
2712,"かけつゆ","かけつゆ"
2722,"エビ","えび"
2732,"天ぷら粉","てんぷらこ"
2742,"打ち粉用の小麦粉","うちこようのこむぎこ"
2752,"長ねぎの白い部分","ながねぎのしろいぶぶん"
2762,"かまぼこ","かまぼこ"
2772,"ごまめ","ごまめ"
2782,"日本酒","にほんしゅ"
2792,"三温糖","さんおんとう"
2802,"煮きり酒","にきりさけ"
2812,"炒り白ゴマ","ねりしろごま"
2822,"柿","かき"
2832,"削り節","けずりぶし"
2842,"鯛の頭","たいのあたま"
2852,"本くず粉","ほんくずこ"
2862,"塩漬け数の子","しおづけかずのこ"
2872,"鰹節","かつおぶし"
2882,"出し昆布","だしこんぶ"
2892,"鰹と昆布出し","かつおとこんぶだし"
2902,"うすくち","うすくち"
2912,"ふき","ふき"
2922,"蛍烏賊","ほたるいか"
2932,"レモンの絞り汁","れもんのしぼりじる"
2942,"牡蠣","かき"
2952,"ねぎ","ねぎ"
2962,"鰹と昆布だし","かつおとこんぶだし"
2972,"酢飯","すめし"
2982,"白煎り胡麻","しろいりごま"
2992,"銀ダラ","ぎんだら"
3002,"酒粕","さけかす"
3012,"西京粒味噌","さいきょうつぶみそ"
3022,"田舎味噌","いなかみそ"
3032,"青菜やたけのこなど","あおなやたけのこなど"
3042,"生うどん","なまうどん"
3052,"うどんつゆ","うどんつゆ"
3062,"切り餅","きりもち"
3072,"水溶き天ぷら粉","みずときてんぷらこ"
3082,"ゆず","ゆず"
3092,"白出汁","しろだし"
3102,"長芋","ながいも"
3112,"蓮根","れんこん"
3122,"金時人参","きんときにんじん"
3132,"ししとう","ししとう"
3142,"貝割れ","かいわれ"
3152,"本節","ほんせつ"
3162,"昆布パウダー","こんぶぱうだー"
3172,"上白糖","じょうはくとう"
3182,"鴨肉","かもにく"
3192,"白葱","しろねぎ"
3202,"ハム","はむ"
3212,"胡椒","こしょう"
3222,"ケチャップ","けちゃっぷ"
3232,"バター","ばたー"
3242,"パン粉","ぱんこ"
3252,"福神漬","ふくじんづけ"
3262,"パセリ","ぱせり"
3272,"マヨネーズ","まよねーず"
3282,"牛乳","ぎゅうにゅう"
3292,"白ワイン","しろわいん"
3302,"牛モモ肉","ぎゅうももにく"
3312,"ニンニク","にんにく"
3322,"セロリ","せろり"
3332,"ブイヨンスープ","ぶいよんすーぷ"
3342,"オリーブオイル","おりーぶおいる"
3352,"キャベツ","きゃべつ"
3362,"粉マスタード","こなますたーど"
3372,"ワインビネガー","わいんびねがー"
3382,"粉からし","こなからし"
3392,"こしょう","こしょう"
3402,"マカロニ","まかろに"
3412,"シーフードミックス","しーふーどみっくす"
3422,"マッシュルーム","まっしゅるーむ"
3432,"生クリーム","なまくりーむ"
3442,"ローリエ","ろーりえ"
3452,"パルメザンチーズ","ぱるめざんちーず"
3462,"牛ひき肉","ぎゅうひきにく"
3472,"マリボーチーズ","まりぼーちーず"
3482,"ナツメグ","なつめぐ"
3492,"溶き卵","ときたまご"
3502,"ウスターソース","うすたーそーす"
3512,"粒マスタード","こなますたーど"
3522,"キャベツの葉","きゃべつのは"
3532,"コーンスターチ","こーんすたーち"
3542,"ベーコン","べーこん"
3552,"トマト","とまと"
3562,"ブイヨン","ぶいよん"
3572,"トマトペースト","とまとぺーすと"
3582,"ブロッコリー","ぶろっこりー"
3592,"サワークリーム","さわーくりーむ"
3602,"スパゲティ","すぱげてぃ"
3612,"ピーマン","ぴーまん"
3622,"赤ピーマン","あかぴーまん"
3632,"むきえび","むきえび"
3642,"黒オリーブ","くろおりーぶ"
3652,"トマトケチャップ","とまとけちゃっぷ"
3662,"マスタード","ますたーど"
3672,"芝えび","しばえび"
3682,"グリーンピース","ぐりーんぴーす"
3692,"ロースハム","ろーすはむ"
3702,"豚ロース肉","ぶたろーすにく"
3712,"バルサミコ酢","ばるさみこす"
3722,"合びき肉","あいびきひく"
3732,"にんにく","にんにく"
3742,"カレー粉","かれーこ"
3752,"半熟卵","はんじゅくたまご"
3762,"ニンジン","にんじん"
3772,"チキンブイヨン","ちきんぶいよん"
3782,"塩、胡椒、タバスコ","しお、こしょう、たばすこ"
3792,"無塩バター","むえんばたー"
3802,"強力粉","きょうりきこ"
3812,"カニフレーク","かにふれーく"
3822,"パセリみじん切り","ぱせりみじんぎり"
3832,"パン粉、薄力粉、溶き卵","ぱんこ、はくりきこ、ときたまご"
3842,"粉チーズ","こなちーず"
3852,"塩・こしょう","しおこしょう"
3862,"タイム","たいむ"
3872,"赤身牛もも肉","あかみぎゅうももにく"
3882,"鶏がら","とりがら"
3892,"牛肉赤ミンチ","ぎゅうにくあかみんち"
3902,"卵白","らんぱく"
3912,"ガーリックパウダー","がーりっくぱうだー"
3922,"ブラックペッパー","ぶらっくぺっぱー"
3932,"赤ワイン","あかわいん"
3942,"プチトマト","ぷちとまと"
3952,"フランスパン","ふらんすぱん"
3962,"バンズ","ばんず"
3972,"レタス","れたす"
3982,"チーズ","ちーず"
3992,"牛脂","ぎゅうし"
4002,"スパイスミックス","すぱいすみっくす"
4012,"黒コショウ","くろこしょう"
4022,"骨付き鶏もも肉","ほねつきとりももにく"
4032,"桜チップ","さくらちっぷ"
4042,"コショウ","こしょう"
4052,"オールスパイス","おーるすぱいす"
4062,"カットトマト缶","かっととまとかん"
4072,"ミックスビーンズの水煮","みっくすびーんずのみずに"
4082,"チリコンカンのシーズニング","ちりこんかんのしーずにんぐ"
4092,"トルティーヤチップス","とるてぃーやちっぷす"
4102,"ムール貝","むーるがい"
4112,"玉ネギ","たまねぎ"
4122,"白コショウ","しろこしょう"
4132,"白マッシュルーム","しろまっしゅるーむ"
4142,"ディジョンマスタード","でぃじょんますたーど"
4152,"白ビール","しろびーる"
4162,"イタリアンパセリ","いたりあんぱせり"
4172,"鶏むね肉","とりむねにく"
4182,"とんかつソース","とんかつそーす"
4192,"タマネギ","たまねぎ"
4202,"パプリカパウダー","ぱぷりかぱうだー"
4212,"鶏手羽元","きんぴら"
4222,"粗びき黒コショウ","あらびきくろこしょう"
4232,"ケイジャンスパイス","けいじゃんすぱいす"
4242,"ビール","びーる"
4252,"牛あらびき肉","ぎゅうあらびきにく"
4262,"藻塩","もしお"
4272,"セミドライトマト","せみどらいとまと"
4282,"デミグラスソース","でみぐらすそーす"
4292,"XVオリーブオイル","おりーぶおいる"
4302,"ピンクペッパー","ぴんくぺっぱー"
4312,"豚肩ロースあらびき肉","ぶたかたろーすあらびきにく"
4322,"あらびき黒コショウ","あらびきくろこしょう"
4332,"ブラウンシュガー","ぶらうんしゅがー"
4342,"氷水","こおりみず"
4352,"レモンの皮","れもんのかわ"
4362,"羊の腸","ひつじのちょう"
4372,"野菜スープ","やさいすーぷ"
4382,"ローズマリー","ろーずまりー"
4392,"マッシュポテト","まっしゅぽてと"
4402,"ローズマリー・イタリアンパセリなど","ろーずまりーいたりあんぱせりなど"
4412,"アスパラガス","あすぱらがす"
4422,"カイエンペッパー","かいえんぺっぱー"
4432,"キャラウェイパウダー","きゃらうぇいぱうだー"
4442,"イースト","いーすと"
4452,"ぬるま湯","ぬるまゆ"
4462,"豚挽き肉","ぶたひきにく"
4472,"きのこ","きのこ"
4482,"ネギ","ねぎ"
4492,"サラダ菜","さらだな"
4502,"豆板醤","とうばんじゃん"
4512,"豚ロース","ぶたろーす"
4522,"蟹肉","かににく"
4532,"鶏がらスープ","とりがらすーぷ"
4542,"オイスターソース","おいすたーそーす"
4552,"春雨","はるさめ"
4562,"えのき茸","えのきだけ"
4572,"竹の子","たけのこ"
4582,"スープ","すーぷ"
4592,"貝柱","かいばしら"
4602,"ラー油","らーゆ"
4612,"にら","にら"
4622,"チャーシュー","ちゃーしゅー"
4632,"カニかまぼこ","かにかまぼこ"
4642,"豚ローススライス","ぶたろーすすらいす"
4652,"たけのこ","たけのこ"
4662,"麺","めん"
4672,"小松菜","こまつな"
4682,"ザーサイ","ざーさい"
4692,"豚の挽き肉","ぶたのひきにく"
4702,"甜面醤","てんめんじゃん"
4712,"葱油","ねぎあぶら"
4722,"芝麻醤","じーまーじゃん"
4732,"中国醤油","ちゅうごくしょうゆ"
4742,"中華だし","ちゅかだし"
4752,"八角","はっかく"
4762,"粒山椒","つぶさんしょう"
4772,"紹興酒","しょうこうしゅ"
4782,"氷砂糖","こおりざとう"
4792,"チンゲン菜","ちんげんさい"
4802,"葱姜水","つぉんじゃんすい"
4812,"甜醤油","てんじゃんゆ"
4822,"五香粉","うーしゃんふん"
4832,"骨つきもも肉","ほねつきももにく"
4842,"花椒","ほわじゃお"
4852,"青じそ","あおじそ"
4862,"中華めん","ちゅうかめん"
4872,"焼き豚","やきぶた"
4882,"くらげ","くらげ"
4892,"さとう","さとう"
4902,"えび","えび"
4912,"いか","いか"
4922,"おろししょうが","おろししょうが"
4932,"テンメンジャン","てんめんじゃん"
4942,"スプラウト","すぷらうと"
4952,"あさり","あさり"
4962,"白菜","はくさい"
4972,"干ししいたけ","ほししいたけ"
4982,"春巻きの皮","はるまきのかわ"
4992,"清湯スープ","ちんたんすーぷ"
5002,"きくらげ","きくらげ"
5012,"絹ごし豆腐","きぬごしどうふ"
5022,"四川辣椒粉","しせんぴんいん"
5032,"厚揚げ","あつあげ"
5042,"甜麺醤","てんめんじゃん"
5052,"トウチ","とうち"
5062,"ベーコンスライス","べーこんすらいす"
5072,"ニラ","にら"
5082,"もやし","もやし"
5092,"老酒","らおちゅう"
5102,"一味唐辛子","いちみとうがらし"
5112,"イサキ","いさき"
5122,"チキンコンソメ","ちきんこんそめ"
5132,"ナンプラー","なんぷらー"
5142,"香菜","かな"
5152,"モンゴウイカ","もんごういか"
5162,"葱","ねぎ"
5172,"エバミルク","えばみるく"
5182,"鶏油","ちーゆ"
5192,"チキンスープ","ちきんすーぷ"
5202,"鶏ガラスープ","とりがらすーぷ"
5212,"青ねぎ","あおねぎ"
5222,"黒酢","くろず"
5232,"細ねぎ","ほそねぎ"
5242,"カシューナッツ","かしゅーなっつ"
5252,"唐辛子","とうがらし"
5262,"干し海老","ほしえび"
5272,"干し海老の戻し汁","ほしえびのもどしじる"
5282,"具材の煮汁","ぐざいのにじる"
5292,"竹の皮","たけのかわ"
5302,"蒸し麺","むしめん"
5312,"XO醤","ひしお"
5322,"とりがらスープ","とりがらすーぷ"
5332,"チキンパウダー","ちきんぱうだー"
5342,"酒醸","しゅじょう"
5352,"むきエビ","むきえび"
5362,"イカ","いか"
5372,"ヤングコーン","やんぐこーん"
5382,"生きくらげ","なまきくらげ"
5392,"中華スープ","ちゅうかすーぷ"
5402,"板ゼラチン","いたぜらちん"
5412,"レモン果汁","れもんかじゅう"
5422,"緑ズッキーニ","みどりずっきーに"
5432,"黄ズッキーニ","きずっきーに"
5442,"なす","なす"
5452,"赤ミニトマト","あかみにとまと"
5462,"黄ミニトマト","きみにとまと"
5472,"バジルの葉","ばじるのは"
5482,"種無し黒オリーブ","たねなしくろおりーぶ"
5492,"サーモン","さーもん"
5502,"ジャガイモ","じゃがいも"
5512,"ピクルス","ぴくるす"
5522,"パン","ぱん"
5532,"牛フィレ肉","ぎゅうひれにく"
5542,"インゲン","いんげん"
5552,"生クリームもしくはサワークリーム","なま"
5562,"とうもろこし","とうもろこし"
5572,"フォンドボー","ふぉんどぼー"
5582,"ポロ葱","ぽろねぎ"
5592,"若鶏","わかどり"
5602,"丁子","ちょうじ"
5612,"香味野菜","こうみやさい"
5622,"粗塩","あらしお"
5632,"ポロねぎ","ぽろねぎ"
5642,"かぶ","かぶ"
5652,"黒こしょう","くろこしょう"
5662,"ズッキーニ","ずっきーに"
5672,"バジル","ばじる"
5682,"エクストラバージンオリーブオイル","えくすとらばーじんおりーぶおいる"
5692,"マダイ","まだい"
5702,"グレープフルーツ果汁","かじゅう"
5712,"柚子こしょう","ゆず"
5722,"紅たで","べにたで"
5732,"グレープフルーツ","ぐれーぷふるーつ"
5742,"チャービル","ちゃーびる"
5752,"チェリートマト","ちぇりーとまと"
5762,"鶏レバー","とり"
5772,"マデラ酒","しゅ"
5782,"溶かしバター","とかし"
5792,"バゲット","ばげっと"
5802,"いちじくなどドライフルーツ","いちじくなどどらいふるーつ"
5812,"ロメインレタス","ろめいんれたす"
5822,"アンチョビペースト","あんちょびぺーすと"
5832,"ジャイアントコーン","じゃいあんとこーん"
5842,"塩、こしょう","しお"
5852,"白ワインヴィネガー","しお"
5862,"フォン・ド・ヴォー","ふぉん・ど・ゔぉー"
5872,"バター、サラダ油","ばたー、さらだあぶら"
5882,"コルニッション","こるにっしょん"
5892,"サラダオイル","さらだおいる"
5902,"コンソメスープ","こんそめすーぷ"
5912,"パン・ド・カンパーニュ","ぱんどかんぱーにゅ"
5922,"グリュエールチーズ","ぐりゅえーるちーず"
5932,"グラニュー糖","ぐらにゅーとう"
5942,"ドライイースト","どらいいーすと"
5952,"アンチョビ","あんちょび"
5962,"オニオンキャラメル","おにおんきゃらめる"
5972,"ブラックオリーブ","ぶらっくおりーぶ"
5982,"豚肉のミンチ","ぶたにくのみんち"
5992,"豚ばら肉","ぶたばらにく"
6002,"コニャック","こにゃっく"
6012,"レーズン","れーずん"
6022,"鶏肉のレバー","とりにくのればー"
6032,"魚のあら","さかなのあら"
6042,"ピュアオリーブオイル","ぴゅあおりーぶおいる"
6052,"ペルノー","ぺるのー"
6062,"サフランパウダー","さふらんぱうだー"
6072,"粉末チキンブイヨン","ふんまつちきんぶいよん"
6082,"ホタテの貝柱","ほたてのかいがら"
6092,"真鯛","まだい"
6102,"ほうぼう","ほうぼう"
6112,"有頭エビ","ゆうとうえび"
6122,"魚のスープ","さかなのすーぷ"
6132,"グリュイエールチーズ","ぐりゅいえーるちーず"
6142,"白身魚","しろみざかな"
6152,"付け合せの野菜","つけあわせのやさい"
6162,"鶏胸肉","とりむねにく"
6172,"フォンブラン","ふぉんぶらん"
6182,"生椎茸","なましいたけ"
6192,"まいたけ","まいたけ"
6202,"動物性生クリーム","どうぶつせいなまくりーむ"
6212,"ホタテ","ほたて"
6222,"春キャベツ","はるきゃべつ"
6232,"茹でたけのこ","ゆでたけのこ"
6242,"白ワインビネガー",NULL
6252,"白こしょう","しろこしょう"
6262,"粒黒コショウ","つぶくろこしょう"
6272,"トマトジュース","とまとじゅーす"
6282,"赤ワインビネガー","あかわいんびねがー"
6292,"シブレット","しぶれっと"
6302,"クリームチーズ","くりーむちーず"
6312,"米油","こめあぶら"
6322,"ディル","でぃる"
6332,"ケッパー","けっぱー"
6342,"ビスケット","びすけっと"
6352,"いくら","いくら"
6362,"セルフィーユ","せるふぃーゆ"
6372,"スピルリナ","すぴるりな"
6382,"鶏のだし","とりのだし"
6392,"合挽き肉","あいびきにく"
6402,"エルブドプロヴァンス","えるぶどぷろゔぁんす"
6412,"フレッシュタイム","ふれっしゅたいむ"
6422,"ひよこ豆の粉","ひよこまめのこな"
6432,"ツナムース","つなむーす"
6442,"ヤギのチーズ","やぎのちーず"
6452,"ハーブ","はーぶ"
6462,"青魚","あおざかな"
6472,"フヌイユ","ふぬいゆ"
6482,"ポワロー","ぽわろー"
6492,"トマトコンサントレ","とまとこんさんとれ"
6502,"サフラン","さふらん"
6512,"バケット","ばけっと"
6522,"スープ・ド・ポワソン","すーぷどぽわそん"
6532,"たかのつめ","たかのつめ"
6542,"Vオリーブオイル","おりーぶおいる"
6552,"レタス・サニーレタス","れたすさにーれたす"
6562,"トレビス","とれびす"
6572,"ルッコラ","るっこら"
6582,"アンディーブ","あんでぃーぶ"
6592,"じゃが芋","じゃがいも"
6602,"アンチョビフィレ","あんちょびふぃれ"
6612,"ツナ缶","つなかん"
6622,"コーン","こーん"
6632,"ヴァージンオイル","ゔぁーじんおいる"
6642,"赤ワインヴィネガー","あかわいんゔぃねがー"
6652,"粒なしマスタード","つぶなしますたーど"
6662,"塩・コショウ","しおこしょう"
6672,"白胡椒","しろこしょう"
6682,"黒胡椒ホール","くろこしょうほーる"
6692,"牛すじ肉","ぎゅうすじにく"
6702,"トマトソース","とまとそーす"
6712,"フォン・ブラン・ド・ヴォライユ","ふぉん・ぶらん・ど・ゔぉらいゆ"
6722,"クスクス","くすくす"
6732,"オリーブ","おりーぶ"
6742,"ミント","みんと"
6752,"セルバチコ","せるばちこ"
6762,"イカげそ","いかげそ"
6772,"タバスコ","たばすこ"
6782,"エリンギ","えりんぎ"
6792,"牛こま切れ肉・バラ肉","ぎゅうこまきれにく・ばらにく"
6802,"エシャロット","えしゃろっと"
6812,"レモンジュース","れもんじゅーす"
6822,"魚","さかな"
6832,"フュメドポワソン","ふゅめどぽわそん"
6842,"原塩","げんえん"
6852,"ちりめんキャベツ","ちりめんきゃべつ"
6862,"グリーン、赤ミズナなど",NULL
6872,"若鶏もも肉","わかももにく"
6882,"サラダリーフ","さらだりーふ"
6892,"仔羊肩肉","らむしょるだー"
6902,"乾燥オレガノ","かんそうおれがの"
6912,"ひよこ豆","ひよこまめ"
6922,"メルゲーズソーセージ","めるげーずそーせーじ"
6932,"熱湯","ねっとう"
6942,"アリッサソース","ありっさそーす"
6952,"チキン","ちきん"
6962,"オレンジジュース","おれんじじゅーす"
6972,"ブーケガルニ","ぶーけがるに"
6982,"オレンジの皮","おれんじのかわ"
6992,"カイワレ","かいわれ"
7002,"岩塩","がんえん"
7012,"お湯","おゆ"
7022,"クレソン","くれそん"
7032,"赤とうがらし","あかとうがらし"
7042,"オクラ","おくら"
7052,"ミニトマト","みにとまと"
7062,"ラディッシュ","らでぃっしゅ"
7072,"エクストラヴァージンオリーブオイル","えくすとらゔぁーじんおりーぶおいる"
7082,"カッペリーニ","かっぺりーに"
7092,"フルーツトマト","ふるーつとまと"
7102,"にんにくオイル","にんにくおいる"
7112,"パンツェッタ","ぱんつぇった"
7122,"ペコリーノチーズ","ぺこりーのちーず"
7132,"粗びき黒こしょう","あらびきくろこしょう"
7142,"真いわし","まいわし"
7152,"松の実","まつのみ"
7162,"香草パン粉","こうそうのぱんこ"
7172,"エクストラバージンオイル","えくすとらばーじんおいる"
7182,"オレンジ","おれんじ"
7192,"鮮魚","せんぎょ"
7202,"ドライトマト","どらいとまと"
7212,"ケーパー","けーぱー"
7222,"米なす","べいなす"
7232,"グリーンオリーブ","ぐりーんおりーぶ"
7242,"ホールトマト","ほーるとまと"
7252,"ソーフリット","そーふりっと"
7262,"リングイーネ","りんぐいーね"
7272,"豚のスペアリブ","ぶた"
7282,"豚皮","ぶたかわ"
7292,"豚耳","ぶたみみ"
7302,"ウインナーソーセージ","ういんなーそーせーじ"
7312,"フランスパンの粉","ふらんすぱんのこな"
7322,"製菓用米粉","せいかようこめこ"
7332,"ハチミツ","はちみつ"
7342,"ミックスチーズ","みっくすちーず"
7352,"粉チ一ズ","こなちーず"
7362,"ゴルゴンゾーラチーズ","ごるごんぞーらちーず"
7372,"アサリ","あさり"
7382,"魚介のだし","ぎょかいのだし"
7392,"アメリケーヌソース","あめりけーぬそーす"
7402,"塩こしょう","しおこしょう"
7412,"ニンニクオイル","にんにくおいる"
7422,"海塩","うみしお"
7432,"生イースト","なまいーすと"
7442,"モッツァレラチーズ","もっつぁれらちーず"
7452,"仔牛の骨付きロース肉","こうしのほねつきろーすにく"
7462,"パルミジャーノチーズ","ぱるみじゃーのちーず"
7472,"ひまわり油","ひまわりゆ"
7482,"わかさぎ","わかさぎ"
7492,"トマトホール缶","とまとほーるかん"
7502,"ツナ","つな"
7512,"舞茸","まいたけ"
7522,"ドライポルチーニ","どらいぽるちーに"
7532,"パルミジャーノ","ぱるみじゃーの"
7542,"打ち粉用強力粉","うちこようきょうりきこ"
7552,"赤玉ねぎ","あかたまねぎ"
7562,"レッドキドニービーンズ","れっどきどにーびーんず"
7572,"白インゲン豆","しろいんげんまめ"
7582,"ストック","すとっく"
7592,"セージ","せーじ"
7602,"ベイリーフ","べいりーふ"
7612,"リコッタチーズ","りこったちーず"
7622,"マスカルポーネ","ますかるぽーね"
7632,"モッツアレラチーズ","もっつあれらちーず"
7642,"ブロード","ぶろーど"
7652,"すましバター","すましばたー"
7662,"牛もも肉ブロック","ぎゅうももにくぶろっく"
7672,"姫竹","ひめたけ"
7682,"無塩トマトジュース","むえんとまとじゅーす"
7692,"バジリコ","ばじりこ"
7702,"スパゲティー","すぱげてぃー"
7712,"黒胡椒","くろこしょう"
7722,"白ワイン又は水","しろわいんまたはみず"
7732,"パスタ","ぱすた"
7742,"白いんげん豆","しろいんげんまめ"
7752,"フォンドヴォー","ふぉんどゔぉー"
7762,"いんげん","いんげん"
7772,"スカモルツァチーズ","すかもるつぁちーず"
7782,"ベーキングパウダー","べーきんぐぱうだー"
7792,"桜エビ","さくらえび"
7802,"コンソメの素","こんせめのもと"
7812,"ピッツァ生地","ぴっつぁきじ"
7822,"生トマト","なまとまと"
7832,"仔牛ロース肉","こうしろーすにく"
7842,"生ハム","なまはむ"
7852,"セージの葉","せーじのは"
7862,"ベシャメルソース","べしゃめるそーす"
7872,"ミートソース","みーとそーす"
7882,"ナス","なす"
7892,"パルミジャーノ・レッジャーノ","ぱるみじゃーのれっじゃーの"
7902,"リコッタ・サラータ","りこったさらーた"
7912,"バジリコの葉","ばじりこのは"
7922,"地鶏","じどり"
7932,"オレガノ","おれがの"
7942,"むき海老","むきえび"
7952,"パプリカ粉末","ぱぷりかふんまつ"
7962,"かつおだしの素","かつおだしのもと"
7972,"赤いパプリカ","あかいぱぷりか"
7982,"緑のパプリカ","みどりのぱぷりか"
7992,"シェリービネガー","しぇりーびねがー"
8002,"若鶏のもも肉","わかどりのももにく"
8012,"トマトの水煮缶","とまとのみずにかん"
8022,"魚を揚げた油","さかなをあげたあぶら"
8032,"ベビーリーフ","べびーりーふ"
8042,"リゾット用イタリア米","りぞっとよういたりあまい"
8052,"有頭海老","ゆうとうえび"
8062,"生ソーセージ","なまそーせーじ"
8072,"鶏肉ささみ","とりにくささみ"
8082,"ヤリイカ","やりいか"
8092,"活あさり","いきあさり"
8102,"活ムール貝","いきむーるがい"
8112,"緑パプリカ","みどりぱぷりか"
8122,"完熟トマト","かんじゅくとまと"
8132,"ドライシェリー酒","どらいしぇりーさけ"
8142,"ミネラルウォーター炒め用","みねらるうぉーたーいためよう"
8152,"ミネラルウォーター煮込み用","みねらるうぉーたーにこみよう"
8162,"Xオリーブオイル","おりーぶおいる"
8172,"アカザ海老","あかざえび"
8182,"魚のブイヨン","さかなのぶいよん"
8192,"オリーブ油","おりーぶあぶら"
8202,"アリオリソース","ありおりそーす"
8212,"チョリソー","ちょりそー"
8222,"トマトピューレ","とまとぴゅーれ"
8232,"ダイストマト缶","だいすとまとかん"
8242,"生ハムスライス","なまはむすらいす"
8252,"小海老","こえび"
8262,"カニカマ","かにかま"
8272,"フレッシュハーブ","ふれっしゅはーぶ"
8282,"スモークサーモンスライス","すもーくさーもんすらいす"
8292,"ケッパー・いくらなど","けっぱーいくらなど"
8302,"ジャスミンライス","じゃすみんらいす"
8312,"鶏モモ肉/塩",NULL
8322,"モミジ/粒コショウ",NULL
8332,"バイトーイ","ばいとーい"
8342,"カー","かー"
8352,"ホムデン","ほむでん"
8362,"ガディアム","がでぃあむ"
8372,"チリソース","ちりそーす"
8382,"スイートチリソース","すいーとちりそーす"
8392,"カティアムチュウ","かてぃあむちゅう"
8402,"カティアム","かてぃあむ"
8412,"ピーナッツオイル","ぴーなっつおいる"
8422,"プリッキーヌ","ぷりっきーぬ"
8432,"タチオチ","たちおち"
8442,"シーユーダム","しーゆーだむ"
8452,"パームシュガー","ぱーむしゅがー"
8462,"ナムソム","なむそむ"
8472,"キュウリ・トマト・パクチー","きゅうりとまとぱくちー"
8482,"マナオ","まなお"
8492,"ケチャップマニス","けちゃっぷまにす"
8502,"サンバル","さんばる"
8512,"バーワンメラ","ばーわんめら"
8522,"バーワンプティ","ばーわんぷてぃ"
8532,"粒コショウ/クンチュル",NULL
8542,"クミリ","くみり"
8552,"鶏卵","けいらん"
8562,"キュウリ/トマト","きゅうりとまと"
8572,"サテアヤム","さてあやむ"
8582,"ウンピン","うんぴん"
8592,"コチュジャン","こちゅじゃん"
8602,"粉唐辛子","こなとうがらし"
8612,"白菜キムチ","い"
8622,"もみ海苔","もみのり"
8632,"キューリ","きゅーり"
8642,"そーめん、冷麦、韓国冷麺",NULL
8652,"トッポギ","とっぽぎ"
8662,"豚肩スライス","ぶたかたすらいす"
8672,"白ねぎ","しらねぎ"
8682,"青ネギ","あおねぎ"
8692,"大豆モヤシ","だいずもやし"
8702,"ぜんまい","ぜんまい"
8712,"おろしにんにく","おろしにんにく"
8722,"牛挽肉","ぎゅうひきにく"
8732,"市販のコチュジャン","しはんのこちゅじゃん"
8742,"水あめ","みずあめ"
8752,"ゴマ","ごま"
8762,"韓国春雨","かんこくはるさめ"
8772,"青唐辛子","あおとうがらし"
8782,"ダシダ","だしだ"
8792,"唐辛子粉","とうがらしこ"
8802,"米麺","べいめん"
8812,"桜海老","さくらえび"
8822,"ピーナッツ","ぴーなっつ"
8832,"とき卵","ときたまご"
8842,"タマリンド","たまりんど"
8852,"ココナッツシュガー","ここなっつしゅがー"
8862,"ライム","らいむ"
8872,"鶏モモ肉皮なし","とりももにくかわなし"
8882,"グリーンカレーペースト","ぐりーんかれーぺーすと"
8892,"ココナッツミルク","ここなっつみるく"
8902,"タイの白茄子マクアポ","たいのしらなすまくあぽ"
8912,"生赤唐辛子","なまあかとうがらし"
8922,"スイートバジル","すいーとばじる"
8932,"バイマックル","ばいまっくる"
8942,"純豆腐","じゅんどうふ"
8952,"カキ","かき"
8962,"干しシイタケ","ほししいたけ"
8972,"牛とんこつスープ","ぎゅうとんこつすーぷ"
8982,"万能葱","ばんのうねぎ"
8992,"韓国かぼちゃ","かんこくかぼちゃ"
9002,"ブレンドごま油","ぶれんどごまあぶら"
9012,"長なす","ながなす"
9022,"ふくろだけ","ふくろだけ"
9032,"レモングラス","れもんぐらす"
9042,"こぶみかんの葉","こぶみかんのは"
9052,"タイ生姜",NULL
9062,"トムヤムペースト","とむやむぺーすと"
9072,"パクチー","ぱくちー"
9082,"豚挽肉",NULL
9092,"赤たまねぎ",NULL
9102,"レッドチリ","れっどちり"
9112,"梨","なし"
9122,"粗挽き唐辛子","あらびきとうがらし"
9132,"細挽き唐辛子",NULL
9142,"魚醤","ぎょしょう"
9152,"アミの塩辛","あみのしおから"
9162,"もち米の粉","もちごめのこな"
9172,"りんご","りんご"
9182,"パイナップル","ぱいなっぷる"
9192,"餅米の粉","もちごめのこな"
9202,"韓国海苔","かんこくのり"
9212,"卵の黄身","たまごのきみ"
9222,"卵の白身","たまごのしろみ"
9232,"白ゴマ","しろごま"
9242,"ゴボウの煮物","ごぼうのにもの"
9252,"韓国オデン","かんこくおでん"
9262,"レッドカレーペースト","れっどかれーぺーすと"
9272,"シナモン","しなもん"
9282,"鶏がらスープの素","とりがらすーぷのもと"
9292,"ジャスミン米","じゃすみんまい"
9302,"豚の脂身","ぶたのあぶらみ"
9312,"ホワイトペッパー","ほわいとぺっぱー"
9322,"ほたて貝柱","ほたてかいばしら"
9332,"ベビーほたて","べびーほたて"
9342,"鱈","たら"
9352,"ワタリガニ","わたりがに"
9362,"えのき","えのき"
9372,"煮干し","にぼし"
9382,"牛だしの素","ぎゅうだしのもと"
9392,"ひな鶏","ひなどり"
9402,"朝鮮人参","ちょうせんにんじん"
9412,"なつめ","なつめ"
9422,"生栗","なまぐり"
9432,"せり","せり"
9442,"生唐辛子","なまとうがらし"
9452,"ミネラルウォーター","みねらるうぉーたー"
9462,"うま味調味料","うまみちょうみりょう"
9472,"プリックポン","ぷりっくぽん"
9482,"カオクァ","かおくぁ"
9492,"生もち米","なまもちごめ"
9502,"シーユーカオ","しーゆーかお"
9512,"シーズニングソース","しーずにんぐそーす"
9522,"サニーレタス","さにーれたす"
9532,"青パパイヤ","あおぱぱいや"
9542,"鶏手羽先","とりてばさき"
9552,"ヌクマム","ぬくまむ"
9562,"豚バラかたまり肉","ぶたばらかたまりにく"
9572,"ヨーグルト","よーぐると"
9582,"ホールトマト缶","ほーるとまとかん"
9592,"マサラ","まさら"
9602,"カルダモン","かるだもん"
9612,"コリアンダー","こりあんだー"
9622,"カイエンヌペッパー","かいえんぬぺっぱー"
9632,"ターメリック","たーめりっく"
9642,"ヒヨコ豆","ひよこまめ"
9652,"ゴマペースト","ごまぺーすと"
9662,"クミン","くみん"
9672,"ヒヨコ豆の茹で汁","ひよこまめのゆでじる"
9682,"アタ","あた"
9692,"打ち粉","うちこ"
9702,"グリーンカルダモン","ぐりーんかるだもん"
9712,"ブラックカルダモン","ぶらっくかるだもん"
9722,"シナモンスティック","しなもんすてぃっく"
9732,"ガラムマサラ","がらむまさら"
9742,"カスリメティ","かすりめてぃ"
9752,"鶏むねひき肉","とりむねひきにく"
9762,"フェヌグリーク","ふぇぬぐりーく"
9772,"マスタードシード","ますたーどしーど"
9782,"カレーリーフ","かれーりーふ"
9792,"ヒン","ひん"
9802,"ムングダール","むんぐだーる"
9812,"ココナッツファイン","ここなっつふぁいん"
9822,"チャナダール豆","ちゃなだーるまめ"
9832,"ココナッツミルク缶","ここなっつみるくかん"
9842,"梅干し","うめぼし"
9852,"クローブ","くろーぶ"
9862,"クミンシード","くみんしーど"
9872,"コリアンダーシード","こりあんだーしーど"
9882,"チャナダル豆","ちゃなだるまめ"
9892,"グリンピース","ぐりんぴーす"
9902,"メティシード","めてぃしーど"
9912,"アチャール","あちゃーる"
9922,"ダヒ","だひ"
9932,"ニンニクすりおろし","にんにくすりおろし"
9942,"しょうがすりおろし","しょうがすりおろし"
9952,"ターメリックパウダー","たーめりっくぱうだー"
9962,"カイエンペッパーパウダー","かいえんぺっぱーぱうだー"
9972,"クミンパウダー","くみんぱうだー"
9982,"グローブ","ぐろーぶ"
9992,"コリアンダーリーフ","こりあんだーりーふ"
