id,"name","hiragana",recipes_count
1,"木綿豆腐","もめんどうふ",0
2,"きんぴらごぼう","きんぴらごぼう",1
3,"山芋","やまいも",1
4,"片栗粉","かたくりこ",28
5,"揚げ油","あげあぶら",22
6,"大葉","おおば",9
7,"生姜","しょうが",52
8,"茗荷","みょうが",5
9,"出し汁","だしじる",9
10,"みりん","みりん",68
11,"醤油","しょうゆ",78
12,"水溶き片栗粉","みずときかたくりこ",0
13,"魚の切り身","さかなのきりみ",0
14,"玉ねぎ","たまねぎ",126
15,"ニンニク","にんにく",118
16,"しょうが","しょうが",52
17,"青唐辛子","あおとおがらし",0
18,"トマト","とまと",41
19,"タマリンド","たまりんど",3
20,"ぬるま湯","ぬるまゆ",6
21,"ココナッツミルク","ここなっつみるく",5
22,"塩","しお",287
23,"サラダ油","さらだあぶら",0
24,"カイエンペッパー","かいえんぺっぱー",12
25,"コリアンダー","こりあんだー",9
26,"パプリカ","ぱぷりか",17
27,"ターメリック","たーめりっく",14
28,"フェヌグリーク","ふぇぬぐりーく",1
29,"マスタードシード","ますたーどしーど",4
30,"赤唐辛子","あかとおがらし",0
31,"カレーリーフ","かれーりーふ",2
32,"香菜","かな",6
33,"鶏もも肉","とりももにく",0
34,"冬瓜","とうがん",2
35,"素麺","そうめん",1
36,"長ねぎ","ながねぎ",0
37,"一番出汁","いちばんでじる",0
38,"薄口醤油","うすくちしょうゆ",24
39,"濃口醤油","こいくちしょうゆ",0
40,"七味唐辛子","しちみとうがらし",0
41,"合びき肉","あいびきにく",0
42,"パン粉","ぱんこ",0
43,"ケチャップ","けちゃっぷ",10
44,"ガーリックパウダー","がーりっくぱうだー",2
45,"ナツメグ","なつめぐ",11
46,"ブラックペッパー","ぶらっくぺっぱー",6
47,"赤ワイン","あかわいん",0
48,"卵","たまご",74
49,"小麦粉","こむぎこ",32
50,"キャベツ","きゃべつ",11
51,"きゅうり","きゅうり",18
52,"プチトマト","ぷちとまと",4
53,"ジャガイモ","じゃがいも",32
54,"たまねぎ","たまねぎ",126
55,"オリーブオイル","おりーぶおいる",92
56,"強力粉","きょうりきこ",18
57,"薄力粉","はくりきこ",47
58,"ベーキングパウダー","べーきんぐぱうだー",12
59,"粉チーズ","こなちーず",0
60,"桜エビ","さくらえび",3
61,"ビール","びーる",2
62,"にんにく","にんにく",118
63,"赤とうがらし","あかとおがらし",0
64,"イタリアンパセリ","いたりあんぱせり",13
65,"Vオリーブオイル","おりーぶおいる",92
66,"お湯","おゆ",12
67,"粗塩","あらしお",7
68,"魚","さかな",1
69,"あさり","あさり",10
70,"じゃがいも","じゃがいも",32
71,"人参","にんじん",60
72,"フュメドポワソン","ふゅめどぽわそん",1
73,"チキンコンソメ","ちきんこんそめ",3
74,"生クリーム","なまくりーむ",0
75,"バター","ばたー",68
76,"コショウ","こしょう",111
77,"パセリ","ぱせり",38
78,"白身魚","しろみざかな",5
79,"青魚","あおざかな",1
80,"玉葱","たまねぎ",126
81,"フヌイユ","ふぬいゆ",1
82,"ポワロー","ぽわろー",2
83,"セロリ","せろり",18
84,"トマトコンサントレ","とまとこんさんとれ",1
85,"白ワイン","しろわいん",0
86,"水","みず",133
87,"ハーブ","はーぶ",2
88,"サフラン","さふらん",3
89,"グリュイエールチーズ","ぐりゅいえーるちーず",5
90,"バケット","ばけっと",3
91,"卵黄","らんおう",36
92,"スープ・ド・ポワソン","すーぷ・ど・ぽわそん",1
93,"たかのつめ","たかのつめ",7
94,"サーモン","さーもん",1
95,"ブロッコリー","ぶろっこりー",6
96,"ピクルス","ぴくるす",4
97,"パン","ぱん",1
98,"レモン","れもん",24
99,"胡椒","こしょう",111
100,"レモン汁","れもんじる",0
101,"牛乳","ぎゅうにゅう",54
102,"グラニュー糖","ぐらにゅーとう",0
103,"全卵","ぜんらん",12
104,"アーモンドプードル","あーもんどぷーどる",2
105,"アーモンド","あーもんど",3
106,"バニラビーンズ","ばにらびーんず",5
107,"コーンスターチ","こーんすたーち",6
108,"塩鮭","しおざけ",2
109,"冷めたごはん","さめたごはん",0
110,"新生姜","しんしょうが",1
111,"みょうが","みょうが",5
112,"あさつき","あさつき",3
113,"ごま","ごま",7
114,"海苔","のり",4
115,"わさび","わさび",8
116,"醬油","しょうゆ",78
117,"玄米茶","げんまいちゃ",1
118,"めんつゆ","めんつゆ",1
119,"豚バラ肉","にくばらにく",0
120,"白インゲン豆","しろいんげんまめ",0
121,"トマトダイス缶","とまとだいすかん",0
122,"ソーセージ","そーせーじ",1
123,"固形ブイヨン","こけいぶいよん",0
124,"ラード","らーど",8
125,"白胡椒","しろこしょう",5
126,"白ワインビネガー","しろわいんびねがー",0
127,"ローズマリー","ろーずまりー",6
128,"ブイヨン","ぶいよん",8
129,"白いんげん豆","しろいんげんまめ",0
130,"黒オリーブ","くろおりーぶ",0
131,"フォンドヴォー","ふぉんどゔぉー",1
132,"いんげん","いんげん",7
133,"真いわし","まいわし",1
134,"アンチョビフィレ","あんちょびふぃれ",4
135,"タイム","たいむ",12
136,"松の実","まつのみ",5
137,"レーズン","れーずん",6
138,"香草パン粉","かおりぐさぱんこ",0
139,"エクストラバージンオイル","えくすとらばーじんおいる",3
140,"ローリエ","ろーりえ",21
141,"オレンジ","おれんじ",1
142,"こしょう","こしょう",111
143,"イチジク","いちじく",1
144,"ししとう","ししとう",3
145,"大根","だいこん",16
146,"出汁","だし",31
147,"味醂","みりん",68
148,"天ぷら粉","てんぷらこ",3
149,"ピーマン","ぴーまん",14
150,"ダイストマト缶","だいすとまとかん",0
151,"パプリカパウダー","ぱぷりかぱうだー",11
152,"生ハム","なまはむ",0
153,"グリーンオリーブ","ぐりーんおりーぶ",2
154,"ブラックオリーブ","ぶらっくおりーぶ",4
155,"チキンブイヨン","ちきんぶいよん",7
156,"サラダオイル","さらだおいる",2
157,"コンソメスープ","こんそめすーぷ",1
158,"パン・ド・カンパーニュ","ぱん・ど・かんぱーにゅ",1
159,"グリュエールチーズ","ぐりゅえーるちーず",1
160,"ホタテ","ほたて",2
161,"春キャベツ","はるきゃべつ",0
162,"茹でたけのこ","ゆでたけのこ",0
163,"長葱","ながねぎ",11
164,"XVオリーブオイル","おりーぶおいる",92
165,"白こしょう","しろこしょう",0
166,"バジル","ばじる",10
167,"ホールトマト","ほーるとまと",5
168,"ソーフリット","そーふりっと",1
169,"にんじん","にんじん",60
170,"無塩バター","むえんばたー",0
171,"動物性生クリーム","どうぶつせいなまくりーむ",0
172,"マッシュルーム","まっしゅるーむ",14
173,"米","べい",11
174,"板ゼラチン","いたぜらちん",0
175,"トマトペースト","とまとぺーすと",9
176,"レモン果汁","れもんかじゅう",0
177,"赤パプリカ","あかぱぷりか",0
178,"黄パプリカ","きぱぷりか",0
179,"緑ズッキーニ","みどりずっきーに",0
180,"黄ズッキーニ","きずっきーに",0
181,"なす","なす",8
182,"赤ミニトマト","あかみにとまと",0
183,"黄ミニトマト","きみにとまと",0
184,"バジルの葉","ばじるのは",0
185,"種無し黒オリーブ","たねなしくろおりーぶ",0
186,"パルメザンチーズ","ぱるめざんちーず",16
187,"卵白","らんぱく",14
188,"砂糖","さとう",107
189,"貝割れ","かいわれ",4
190,"本節","ほんせつ",1
191,"昆布パウダー","こんぶぱうだー",0
192,"白出汁","しろでじる",0
193,"上白糖","じょうはくとう",1
194,"ポン酢","ぽんず",2
195,"銀ダラ","ぎんだら",0
196,"酒粕","さけかす",1
197,"西京粒味噌","さいきょうつぶみそ",0
198,"田舎味噌","いなかみそ",1
199,"酒","ざけ",61
200,"青菜やたけのこなど","あおやさいやたけのこなど",0
201,"アスパラガス","あすぱらがす",2
202,"かぼちゃ","かぼちゃ",2
203,"きび砂糖","きびざとう",0
204,"濃口しょうゆ","こいくちしょうゆ",0
205,"だし","だし",31
206,"豚ロース肉","ぶたろーすにく",0
207,"厚揚げ","あつあげ",2
208,"おろしニンニク","おろしにんにく",7
209,"豆板醤","とうばんじゃん",7
210,"甜麺醤","てんめんじゃん",6
211,"トウチ","とうち",1
212,"ラー油","らーゆ",0
213,"油","あぶら",7
214,"ムール貝","むーるがい",0
215,"玉ネギ","たまねぎ",126
216,"白コショウ","しろこしょう",0
217,"むきエビ","むきえび",6
218,"イカ","いか",7
219,"鶏むね肉","とりむねにく",0
220,"チャーシュー","ちゃーしゅー",2
221,"ヤングコーン","やんぐこーん",1
222,"生きくらげ","いきくらげ",0
223,"椎茸","しいたけ",9
224,"中華スープ","ちゅうかすーぷ",0
225,"オイスターソース","おいすたーそーす",10
226,"ごま油","ごまあぶら",42
227,"老酒","らおちゅう",2
228,"栗含ませ","くりふくませ",0
229,"さつまいもペースト","さつまいもぺーすと",1
230,"栗含ませの汁","くりふくませしる",0
231,"酢","す",24
232,"金天",NULL,0
233,"銀箔","ぎんぱく",1
234,"骨付き鶏もも肉",NULL,0
235,"粒黒コショウ",NULL,0
236,"トマトジュース","とまとじゅーす",1
237,"赤ワインビネガー",NULL,0
238,"シブレット","しぶれっと",1
239,"ワンタンの皮",NULL,0
240,"豚挽肉",NULL,0
241,"青菜","あおな",4
242,"鶏がらスープ",NULL,0
243,"ジャスミンライス","じゃすみんらいす",4
244,"ケチャップマニス","けちゃっぷまにす",1
245,"サンバル","さんばる",1
246,"バーワンメラ","ばーわんめら",1
247,"バーワンプティ","ばーわんぷてぃ",1
248,"粒コショウ/クンチュル",NULL,0
249,"クミリ","くみり",1
250,"鶏モモ肉",NULL,0
251,"小松菜","こまつな",3
252,"ピーナッツオイル","ぴーなっつおいる",2
253,"鶏卵","けいらん",1
254,"キュウリ/トマト","きゅうりとまと",1
255,"サテアヤム","さてあやむ",1
256,"ウンピン","うんぴん",1
257,"ピッツァ生地",NULL,0
258,"生トマト",NULL,0
259,"モッツァレラチーズ","もっつぁれらちーず",4
260,"パルミジャーノチーズ","ぱるみじゃーのちーず",6
261,"そば","そば",3
262,"かけつゆ","かけつゆ",2
263,"油揚げ","あぶらあげ",4
264,"柚子の皮",NULL,0
265,"長ねぎの白い部分",NULL,0
266,"ほうれん草","ほうれんそう",13
267,"かまぼこ","かまぼこ",3
268,"七味","しちみ",2
269,"ベーコン","べーこん",12
270,"ブーケガルニ","ぶーけがるに",2
271,"クレソン","くれそん",4
272,"バゲット","ばげっと",4
273,"キャベツの葉",NULL,0
274,"牛ひき肉","ぎゅうひきにく",6
275,"サワークリーム","さわーくりーむ",1
276,"鰯","いわし",1
277,"生姜汁",NULL,0
278,"味噌","みそ",4
279,"ごぼう","ごぼう",10
280,"芽ねぎ","めねぎ",1
281,"ズッキーニ","ずっきーに",8
282,"パルミジャーノ","ぱるみじゃーの",3
283,"鶏手羽元",NULL,0
284,"粗びき黒コショウ",NULL,0
285,"ケイジャンスパイス","けいじゃんすぱいす",1
286,"牛こま切れ肉",NULL,0
287,"焼きどうふ",NULL,0
288,"だし汁","だしじる",9
289,"伏見唐辛子",NULL,0
290,"赤プチトマト",NULL,0
291,"黄プチトマト",NULL,0
292,"骨つきもも肉",NULL,0
293,"紹興酒","しょうこうしゅ",10
294,"花椒","ほわじゃお",2
295,"青じそ","あおじそ",1
296,"芝麻醤","じーまーじゃん",3
297,"しょうゆ","しょうゆ",78
298,"茄子","なすび",7
299,"イースト","いーすと",2
300,"仔牛ロース肉",NULL,0
301,"セージの葉",NULL,0
302,"インゲン","いんげん",7
303,"アーモンドパウダー","あーもんどぱうだー",2
304,"ココア","ここあ",1
305,"チョコレートチップ","ちょこれーとちっぷ",1
306,"アサリ","あさり",10
307,"海老","えび",16
308,"唐辛子","とうがらし",5
309,"ドライトマト","どらいとまと",2
310,"魚介のだし",NULL,0
311,"トマトソース","とまとそーす",7
312,"アメリケーヌソース","あめりけーぬそーす",1
313,"塩こしょう","しおこしょう",7
314,"ニンニクオイル","にんにくおいる",3
315,"エビ","えび",16
316,"スープ","すーぷ",4
317,"ふくろだけ","ふくろだけ",1
318,"レモングラス","れもんぐらす",2
319,"こぶみかんの葉",NULL,0
320,"タイ生姜",NULL,0
321,"トムヤムペースト","とむやむぺーすと",1
322,"ナンプラー","なんぷらー",9
323,"パクチー","ぱくちー",10
324,"アカザ海老",NULL,0
325,"有頭海老",NULL,0
326,"サフランパウダー","さふらんぱうだー",3
327,"魚のブイヨン",NULL,0
328,"オリーブ油",NULL,0
329,"アリオリソース","ありおりそーす",1
330,"カットトマト缶",NULL,0
331,"ミックスビーンズの水煮",NULL,0
332,"チリコンカンのシーズニング","ちりこんかんのしーずにんぐ",1
333,"オールスパイス","おーるすぱいす",2
334,"トルティーヤチップス","とるてぃーやちっぷす",1
335,"鶏のだし",NULL,0
336,"合挽き肉",NULL,0
337,"エルブドプロヴァンス","えるぶどぷろゔぁんす",1
338,"フレッシュタイム","ふれっしゅたいむ",2
339,"蒸し麺",NULL,0
340,"もやし","もやし",3
341,"ニラ","にら",9
342,"XO醤","ひしお",1
343,"とりがらスープ","とりがらすーぷ",1
344,"チキンパウダー","ちきんぱうだー",1
345,"パンツェッタ","ぱんつぇった",1
346,"ペコリーノチーズ","ぺこりーのちーず",1
347,"粗びき黒こしょう",NULL,0
348,"グリンピース","ぐりんぴーす",1
349,"ヒン","ひん",3
350,"メティシード","めてぃしーど",2
351,"クミンシード","くみんしーど",11
352,"コリアンダーシード","こりあんだーしーど",4
353,"鷹の爪","たかのつめ",7
354,"クミン","くみん",6
355,"アチャール","あちゃーる",1
356,"鶏レバー",NULL,0
357,"マデラ酒",NULL,0
358,"溶かしバター",NULL,0
359,"いちじくなどドライフルーツ","いちじくなどどらいふるーつ",1
360,"ドライイースト","どらいいーすと",4
361,"たくあん","たくあん",4
362,"蟹ほぐし身",NULL,0
363,"まぐろ","まぐろ",4
364,"いくら醤油漬け",NULL,0
365,"胡瓜","きゅうり",18
366,"炊いた白飯",NULL,0
367,"わらび粉","わらびこ",1
368,"きな粉","きなこ",3
369,"黒みつ","くろみつ",1
370,"清湯スープ",NULL,0
371,"鶏ひき肉",NULL,0
372,"豚ひき肉",NULL,0
373,"きくらげ","きくらげ",4
374,"グラーブビスケット","ぐらーぶびすけっと",1
375,"クリームチーズ","くりーむちーず",5
376,"マスカルポーネ","ますかるぽーね",3
377,"フロマージュブラン","ふろまーじゅぶらん",2
378,"苺","いちご",8
379,"キルシュ","きるしゅ",1
380,"麺","めん",2
381,"ベーコンスライス","べーこんすらいす",2
382,"一味唐辛子",NULL,0
383,"胡麻油","ごまあぶら",42
384,"はまぐり","はまぐり",2
385,"うど","うど",1
386,"菜の花の葉",NULL,0
387,"木の芽","きのめ",11
388,"昆布","こんぶ",7
389,"かつおぶし","かつおぶし",6
390,"豚フィレ肉",NULL,0
391,"マヨネーズ","まよねーず",8
392,"マスタード","ますたーど",6
393,"サラダ","さらだ",1
394,"強力全粒粉",NULL,0
395,"アジョワン","あじょわん",1
396,"ギー","ぎー",1
397,"日本酒","にほんしゅ",3
398,"長芋","ながいも",1
399,"蓮根","れんこん",3
400,"金時人参",NULL,0
401,"里芋","さといも",2
402,"えのき","えのき",2
403,"スモークソーセージ","すもーくそーせーじ",1
404,"ゴマ油","ごまあぶら",42
405,"焼肉のタレ",NULL,0
406,"コチュジャン","こちゅじゃん",3
407,"黒コショウ","くろこしょう",14
408,"ピザ用チーズ",NULL,0
409,"春雨","はるさめ",3
410,"えのき茸","えのきだけ",2
411,"竹の子","たけのこ",6
412,"貝柱","かいばしら",1
413,"蟹肉",NULL,0
414,"ネギ","ねぎ",6
415,"韓国海苔",NULL,0
416,"卵の黄身",NULL,0
417,"卵の白身",NULL,0
418,"白ゴマ","しろごま",5
419,"ゴボウの煮物",NULL,0
420,"韓国オデン",NULL,0
421,"水あめ","みずあめ",4
422,"ごはん","ごはん",14
423,"ひよこ豆粉",NULL,0
424,"アジュワインシード","あじゅわいんしーど",1
425,"ターメリックパウダー","たーめりっくぱうだー",5
426,"チリパウダー","ちりぱうだー",3
427,"冷水","ひやみず",3
428,"ヨーグルト","よーぐると",4
429,"ミント","みんと",8
430,"青とうがらし",NULL,0
431,"クレームドゥーブル","くれーむどぅーぶる",1
432,"グラニュー糖A",NULL,0
433,"グラニュー糖B",NULL,0
434,"フランボワーズピューレ","ふらんぼわーずぴゅーれ",1
435,"フランボワーズジャム","ふらんぼわーずじゃむ",1
436,"シロップ","しろっぷ",1
437,"クレームドフランボワーズ","くれーむどふらんぼわーず",1
438,"キルシュ酒",NULL,0
439,"乾燥卵白",NULL,0
440,"オレンジの花の水",NULL,0
441,"金箔","きんぱく",1
442,"フランボワーズ","ふらんぼわーず",1
443,"クミンパウダー","くみんぱうだー",3
444,"サフラン汁",NULL,0
445,"玉ねぎ汁",NULL,0
446,"ライス","らいす",1
447,"サフランライス","さふらんらいす",1
448,"釜上げしらす",NULL,0
449,"水煮実山椒",NULL,0
450,"ムングダール","むんぐだーる",1
451,"切り昆布",NULL,0
452,"白醤油",NULL,0
453,"かつお節","かつおぶし",6
454,"切りゴマ",NULL,0
455,"ブリオッシュ","ぶりおっしゅ",1
456,"メープルシロップ","めーぷるしろっぷ",3
457,"グランマニエ","ぐらんまにえ",1
458,"フルーツ","ふるーつ",3
459,"ミントの葉",NULL,0
460,"テンメンジャン","てんめんじゃん",6
461,"小ねぎ",NULL,0
462,"スプラウト","すぷらうと",2
463,"中国醤油",NULL,0
464,"中華だし",NULL,0
465,"八角","はっかく",4
466,"粒山椒",NULL,0
467,"氷砂糖","こおりざとう",1
468,"チンゲン菜",NULL,0
469,"カニかまぼこ","かにかまぼこ",1
470,"レタス","れたす",5
471,"ご飯","ごはん",14
472,"乾燥野菜",NULL,0
473,"くるみ","くるみ",3
474,"ラズベリー","らずべりー",3
475,"赤いパプリカ",NULL,0
476,"緑のパプリカ",NULL,0
477,"シェリービネガー","しぇりーびねがー",1
478,"たけのこの水煮",NULL,0
479,"お米","おこめ",3
480,"薄口しょう油",NULL,0
481,"顆粒だし",NULL,0
482,"薄口しょうゆ","うすくちしょうゆ",24
483,"鶏なんこつのミンチ",NULL,0
484,"粉さんしょう",NULL,0
485,"ブランデー","ぶらんでー",3
486,"赤みそ","あかみそ",1
487,"大根の煮汁",NULL,0
488,"スルメイカ","するめいか",1
489,"七味とうがらし",NULL,0
490,"サラダ菜",NULL,0
491,"ザーサイ","ざーさい",1
492,"豚の挽き肉",NULL,0
493,"甜面醤","てんめんじゃん",6
494,"葱油",NULL,0
495,"切り干し大根",NULL,0
496,"ちくわ","ちくわ",2
497,"ハム","はむ",6
498,"黒こしょう","くろこしょう",14
499,"スカモルツァチーズ","すかもるつぁちーず",1
500,"チーズ","ちーず",3
501,"フランスパン","ふらんすぱん",2
502,"チョリソー","ちょりそー",1
503,"マリボーチーズ","まりぼーちーず",1
504,"溶き卵","ときたまご",2
505,"ウスターソース","うすたーそーす",1
506,"粒マスタード",NULL,0
507,"ニンジン","にんじん",60
508,"塩、胡椒、タバスコ",NULL,0
509,"カニフレーク","かにふれーく",1
510,"ゆで卵","ゆでたまご",6
511,"パセリみじん切り",NULL,0
512,"パン粉、薄力粉、溶き卵",NULL,0
513,"長茄子","ながなす",3
514,"鶏ガラスープ",NULL,0
515,"青ねぎ",NULL,0
516,"黒酢","くろず",2
517,"干ししいたけ",NULL,0
518,"酒醸","しゅじょう",1
519,"米油","こめあぶら",1
520,"ディル","でぃる",2
521,"ケッパー","けっぱー",2
522,"ビスケット","びすけっと",1
523,"いくら","いくら",1
524,"セルフィーユ","せるふぃーゆ",1
525,"芽ひじき",NULL,0
526,"白菜","はくさい",4
527,"万能ねぎ",NULL,0
528,"せり","せり",1
529,"生唐辛子",NULL,0
530,"粉唐辛子",NULL,0
531,"ミネラルウォーター","みねらるうぉーたー",1
532,"岩塩","がんえん",3
533,"三つ葉","みつば",8
534,"粉山椒","こなざんしょう",2
535,"純豆腐",NULL,0
536,"カキ","かき",3
537,"干しシイタケ",NULL,0
538,"ダシダ","だしだ",2
539,"ねぎ","ねぎ",6
540,"牛とんこつスープ",NULL,0
541,"万能葱",NULL,0
542,"黒胡椒","くろこしょう",14
543,"さやいんげん","さやいんげん",4
544,"いりごま","いりごま",1
545,"きざみのり","きざみのり",1
546,"バニラエッセンス","ばにらえっせんす",5
547,"ベルギーチョコレート","べるぎーちょこれーと",1
548,"バニラアイスクリーム","ばにらあいすくりーむ",1
549,"粉砂糖","こなざとう",3
550,"ミントの葉など",NULL,0
551,"グレープフルーツの外皮",NULL,0
552,"ホワイトチョコレート","ほわいとちょこれーと",1
553,"コアントロー","こあんとろー",2
554,"グレープフルーツジュース","ぐれーぷふるーつじゅーす",1
555,"グレープフルーツの果肉",NULL,0
556,"生うどん",NULL,0
557,"うどんつゆ","うどんつゆ",1
558,"切り餅","きりもち",2
559,"水溶き天ぷら粉",NULL,0
560,"長ネギ",NULL,0
561,"ゆず","ゆず",1
562,"穀物酢","こくもつず",1
563,"刺身サーモン",NULL,0
564,"刺身用鯛",NULL,0
565,"車海老","くるまえび",1
566,"塩イクラ",NULL,0
567,"桜塩漬け",NULL,0
568,"白胡麻","しろごま",5
569,"ふき","ふき",1
570,"鰹節","かつおぶし",6
571,"鰹と昆布出し",NULL,0
572,"豚バラかたまり肉",NULL,0
573,"サニーレタス","さにーれたす",4
574,"ヌクマム","ぬくまむ",2
575,"鶏むねひき肉",NULL,0
576,"ベイリーフ","べいりーふ",7
577,"グリーンカルダモン","ぐりーんかるだもん",3
578,"ブラックカルダモン","ぶらっくかるだもん",3
579,"シナモンスティック","しなもんすてぃっく",3
580,"梨","なし",1
581,"粗挽き唐辛子",NULL,0
582,"細挽き唐辛子",NULL,0
583,"魚醤","ぎょしょう",2
584,"アミの塩辛",NULL,0
585,"もち米の粉",NULL,0
586,"片栗粉又は葛粉",NULL,0
587,"大根おろし","だいこんおろし",3
588,"豚バラスライス",NULL,0
589,"キャベツ又はレタス",NULL,0
590,"筍","たけのこ",6
591,"米ぬか","こめぬか",2
592,"鰹昆布だし",NULL,0
593,"西京味噌",NULL,0
594,"鶏骨付きもも肉",NULL,0
595,"ホールトマト缶",NULL,0
596,"ガラムマサラ","がらむまさら",4
597,"ミートマサラ","みーとまさら",1
598,"カスリメティ","かすりめてぃ",4
599,"すりごま","すりごま",1
600,"ごまペースト","ごまぺーすと",2
601,"オレンジフラワーエッセンス","おれんじふらわーえっせんす",1
602,"あられ糖",NULL,0
603,"粉糖","ふんとう",10
604,"金目鯛の切り身",NULL,0
605,"生姜のスライス",NULL,0
606,"リコッタチーズ","りこったちーず",2
607,"モッツアレラチーズ","もっつあれらちーず",1
608,"活き桜海老",NULL,0
609,"濃口醬油",NULL,0
610,"しぼり生姜",NULL,0
611,"オレンジの皮",NULL,0
612,"砂糖水","さとうみず",1
613,"パスタ","ぱすた",2
614,"バジリコ","ばじりこ",2
615,"ナス","なす",8
616,"パルミジャーノ・レッジャーノ","ぱるみじゃーの・れっじゃーの",1
617,"リコッタ・サラータ","りこった・さらーた",1
618,"トマトホール缶",NULL,0
619,"バジリコの葉",NULL,0
620,"マリネ用マラスキーノ酒",NULL,0
621,"ドレンチェリー","どれんちぇりー",1
622,"オレンジピール","おれんじぴーる",2
623,"マラスキーノ酒",NULL,0
624,"マルサラ酒",NULL,0
625,"大豆モヤシ",NULL,0
626,"ぜんまい","ぜんまい",1
627,"おろしにんにく","おろしにんにく",7
628,"牛挽肉",NULL,0
629,"市販のコチュジャン",NULL,0
630,"ゴマ","ごま",7
631,"パクチー又はチャービル",NULL,0
632,"ベシャメルソース","べしゃめるそーす",1
633,"ミートソース","みーとそーす",1
634,"鯵","あじ",2
635,"葱姜水",NULL,0
636,"甜醤油",NULL,0
637,"五香粉","うーしゃんふん",1
638,"新鮮なあら",NULL,0
639,"だし昆布","だしこんぶ",2
640,"にら","にら",9
641,"キャラウェイパウダー","きゃらうぇいぱうだー",1
642,"鰹出汁",NULL,0
643,"百合根","ゆりね",1
644,"銀杏","いちょう",2
645,"蒲鉾","かまぼこ",3
646,"生海苔",NULL,0
647,"淡口醤油",NULL,0
648,"水溶きくず",NULL,0
649,"生ハムスライス",NULL,0
650,"小海老","こえび",1
651,"カニカマ","かにかま",1
652,"フレッシュハーブ","ふれっしゅはーぶ",1
653,"スモークサーモンスライス","すもーくさーもんすらいす",1
654,"ケッパー・いくらなど","けっぱー・いくらなど",1
655,"黒豆","くろまめ",1
656,"重曹","じゅうそう",3
657,"還元鉄",NULL,0
658,"チョロギ","ちょろぎ",1
659,"とんかつソース","とんかつそーす",1
660,"タマネギ","たまねぎ",126
661,"チョコ用カードル",NULL,0
662,"チョコレートカカオ分",NULL,0
663,"ココアパウダー","ここあぱうだー",1
664,"韓国かぼちゃ",NULL,0
665,"ブレンドごま油",NULL,0
666,"長なす","ながなす",3
667,"上新粉","じょうしんこ",3
668,"白玉粉","しらたまこ",4
669,"粒あん","つぶあん",1
670,"よもぎ","よもぎ",1
671,"牛もも肉",NULL,0
672,"ブイヨンスープ","ぶいよんすーぷ",1
673,"ホースラディッシュ","ほーすらでぃっしゅ",1
674,"魚を揚げた油",NULL,0
675,"ベビーリーフ","べびーりーふ",1
676,"マカロニ","まかろに",2
677,"ロースハム","ろーすはむ",1
678,"スズキ","すずき",1
679,"魚のだし",NULL,0
680,"牛あらびき肉",NULL,0
681,"藻塩","もしお",2
682,"セミドライトマト","せみどらいとまと",1
683,"デミグラスソース","でみぐらすそーす",2
684,"ピンクペッパー","ぴんくぺっぱー",1
685,"さつまいも","さつまいも",3
686,"粉寒天","こなかんてん",1
687,"レモンスライス","れもんすらいす",1
688,"カルダモン","かるだもん",8
689,"カイエンヌペッパー","かいえんぬぺっぱー",1
690,"鶏胸肉",NULL,0
691,"フォンブラン","ふぉんぶらん",2
692,"生椎茸",NULL,0
693,"まいたけ","まいたけ",3
694,"レモンの皮",NULL,0
695,"シナモンパウダー","しなもんぱうだー",2
696,"こんにゃく","こんにゃく",5
697,"信州みそ",NULL,0
698,"原塩",NULL,0
699,"ちりめんキャベツ","ちりめんきゃべつ",2
700,"グリーン、赤ミズナなど",NULL,0
701,"黒胡椒ホール",NULL,0
702,"手羽元","てばもと",1
703,"ハスの実",NULL,0
704,"クコの実",NULL,0
705,"ドンコ椎茸",NULL,0
706,"たけのこ水煮",NULL,0
707,"豚の背脂",NULL,0
708,"むき海老","むきえび",6
709,"浮き粉","うきこ",1
710,"熱湯","ねっとう",4
711,"杏仁霜","あんにんそう",1
712,"ゼラチン","ぜらちん",3
713,"アマレット","あまれっと",1
714,"すだち","すだち",4
715,"おろし生姜",NULL,0
716,"ダヒ","だひ",3
717,"カシューナッツ","かしゅーなっつ",2
718,"ニンニクすりおろし","にんにくすりおろし",1
719,"しょうがすりおろし","しょうがすりおろし",1
720,"カイエンペッパーパウダー","かいえんぺっぱーぱうだー",1
721,"シナモン","しなもん",7
722,"グローブ","ぐろーぶ",2
723,"コリアンダーリーフ","こりあんだーりーふ",4
724,"フォー","ふぉー",1
725,"豚スペアリブ",NULL,0
726,"うま味調味料","うまみちょうみりょう",4
727,"干しエビ",NULL,0
728,"ウズラの卵",NULL,0
729,"豚肉","ぶたにく",2
730,"コンソメの素",NULL,0
731,"米なす","べいなす",1
732,"ケーパー","けーぱー",2
733,"白ワインヴィネガー",NULL,0
734,"海塩","うみしお",1
735,"生イースト",NULL,0
736,"秋刀魚","さんま",1
737,"焼きだれ",NULL,0
738,"肝","きも",1
739,"白髪葱",NULL,0
740,"えび","えび",16
741,"ほたて貝柱",NULL,0
742,"ベビーほたて","べびーほたて",1
743,"鱈","たら",1
744,"ワタリガニ","わたりがに",2
745,"しいたけ","しいたけ",9
746,"春菊","しゅんぎく",2
747,"煮干し","にぼし",1
748,"牛だしの素",NULL,0
749,"細ねぎ",NULL,0
750,"煮切りみりん",NULL,0
751,"金柑のみつ煮",NULL,0
752,"抹茶","まっちゃ",1
753,"ブルーベリー","ぶるーべりー",7
754,"ピーナッツ","ぴーなっつ",3
755,"レッドカレーペースト","れっどかれーぺーすと",1
756,"パームシュガー","ぱーむしゅがー",2
757,"鶏がらスープの素",NULL,0
758,"ジャスミン米",NULL,0
759,"リゾット用イタリア米",NULL,0
760,"生ソーセージ",NULL,0
761,"鶏肉ささみ",NULL,0
762,"ヤリイカ","やりいか",2
763,"活あさり",NULL,0
764,"活ムール貝",NULL,0
765,"緑パプリカ",NULL,0
766,"完熟トマト",NULL,0
767,"ドライシェリー酒",NULL,0
768,"ミネラルウォーター炒め用",NULL,0
769,"ミネラルウォーター煮込み用",NULL,0
770,"Xオリーブオイル","おりーぶおいる",92
771,"チョコレート","ちょこれーと",2
772,"トレハロース","とれはろーす",1
773,"アザラン","あざらん",1
774,"スプリンクル","すぷりんくる",1
775,"ひよこ豆の粉",NULL,0
776,"ヤギのチーズ","やぎのちーず",1
777,"カー","かー",3
778,"赤玉ねぎ",NULL,0
779,"プリックポン","ぷりっくぽん",1
780,"カオクァ","かおくぁ",1
781,"生もち米",NULL,0
782,"バイマックル","ばいまっくる",3
783,"たらこ","たらこ",1
784,"VXオリーブオイル","おりーぶおいる",92
785,"しめじ","しめじ",4
786,"そばつゆ","そばつゆ",1
787,"みつば","みつば",8
788,"豚ロース",NULL,0
789,"塩、こしょう","しおこしょう",7
790,"フォン・ド・ヴォー","ふぉん・ど・ゔぉー",1
791,"バター、サラダ油",NULL,0
792,"コルニッション","こるにっしょん",1
793,"カレー粉",NULL,0
794,"トマトケチャップ","とまとけちゃっぷ",3
795,"半熟卵","はんじゅくたまご",1
796,"クスクス","くすくす",2
797,"オリーブ","おりーぶ",1
798,"セルバチコ","せるばちこ",1
799,"イカげそ","いかげそ",1
800,"タバスコ","たばすこ",1
801,"若鶏のもも肉",NULL,0
802,"赤ピーマン",NULL,0
803,"トマトの水煮缶",NULL,0
804,"もち米","もちごめ",3
805,"干し海老",NULL,0
806,"干し海老の戻し汁",NULL,0
807,"チキンスープ","ちきんすーぷ",2
808,"具材の煮汁",NULL,0
809,"干し椎茸",NULL,0
810,"竹の皮",NULL,0
811,"牛肉","ぎゅうにく",3
812,"玉子","たまご",74
813,"八丁味噌",NULL,0
814,"カブ","かぶ",3
815,"フレッシュヤングコーン","ふれっしゅやんぐこーん",1
816,"パプリカ赤",NULL,0
817,"パプリカ黄",NULL,0
818,"カリフラワー","かりふらわー",3
819,"濃い口醤油",NULL,0
820,"中華めん",NULL,0
821,"焼き豚","やきぶた",1
822,"くらげ","くらげ",1
823,"さとう","さとう",107
824,"いか","いか",7
825,"おろししょうが","おろししょうが",1
826,"豚のスペアリブ",NULL,0
827,"豚皮","ぶたかわ",1
828,"豚耳",NULL,0
829,"ウインナーソーセージ","ういんなーそーせーじ",1
830,"炒り白ゴマ",NULL,0
831,"鶏モモ肉皮なし",NULL,0
832,"グリーンカレーペースト","ぐりーんかれーぺーすと",1
833,"タイの白茄子マクアポ",NULL,0
834,"生赤唐辛子",NULL,0
835,"スイートバジル","すいーとばじる",2
836,"ポロ葱",NULL,0
837,"京がんも",NULL,0
838,"さつま揚げ","さつまあげ",1
839,"溶きからし",NULL,0
840,"そば粉","そばこ",1
841,"カカオパウダー","かかおぱうだー",5
842,"チョコチップ","ちょこちっぷ",1
843,"ドライフィグ","どらいふぃぐ",1
844,"ラム酒",NULL,0
845,"ブラウンシュガー","ぶらうんしゅがー",2
846,"ラムレーズン","らむれーずん",1
847,"リンゴ","りんご",4
848,"バナナ","ばなな",1
849,"バニラアイス","ばにらあいす",1
850,"真鯛","まだい",3
851,"赤玉葱",NULL,0
852,"アヒ・リモ","あひ・りも",1
853,"コリアンダーの葉",NULL,0
854,"チョクロ","ちょくろ",1
855,"さつま芋","さつまいも",3
856,"芝えび","しばえび",1
857,"グリーンピース","ぐりーんぴーす",1
858,"赤たまねぎ",NULL,0
859,"レッドチリ","れっどちり",1
860,"鰤","ぶり",1
861,"湯がいて刻んだ大根葉",NULL,0
862,"桜チップ",NULL,0
863,"スライスチーズ","すらいすちーず",1
864,"レタス等",NULL,0
865,"ドレッシング","どれっしんぐ",1
866,"ごまめ","ごまめ",1
867,"三温糖","さんおんとう",2
868,"煮きり酒","にきりさけ",1
869,"生クリームA",NULL,0
870,"クーべルチュールチョコレート","くーべるちゅーるちょこれーと",5
871,"生クリームB",NULL,0
872,"紛糖",NULL,0
873,"塩漬け数の子",NULL,0
874,"出し昆布","だしこんぶ",2
875,"うすくち","うすくち",1
876,"カラフルチョコスプレー","からふるちょこすぷれー",1
877,"フルーツ、リーフ、飴細工",NULL,0
878,"水煮大豆",NULL,0
879,"いりこ","いりこ",1
880,"液体塩こうじ",NULL,0
881,"牛フィレ肉",NULL,0
882,"アヒ・アマリージョ","あひ・あまりーじょ",2
883,"ペルー醤油",NULL,0
884,"手羽先","てばさき",1
885,"ニンニクパウダー","にんにくぱうだー",1
886,"パセリの軸",NULL,0
887,"太白胡麻油",NULL,0
888,"粗挽き黒こしょう",NULL,0
889,"里いも",NULL,0
890,"キウイ","きうい",1
891,"ハチミツ","はちみつ",6
892,"焼き型",NULL,0
893,"豚肉のミンチ",NULL,0
894,"豚ばら肉",NULL,0
895,"コニャック","こにゃっく",1
896,"鶏肉のレバー",NULL,0
897,"仔羊肩肉",NULL,0
898,"乾燥オレガノ",NULL,0
899,"ひよこ豆","ひよこまめ",2
900,"かぶ","かぶ",3
901,"メルゲーズソーセージ","めるげーずそーせーじ",1
902,"アリッサソース","ありっさそーす",1
903,"合い挽き肉",NULL,0
904,"合わせ味噌",NULL,0
905,"ポン酢または醬油",NULL,0
906,"エシャロット","えしゃろっと",2
907,"レモンジュース","れもんじゅーす",1
908,"高野豆腐","こうやどうふ",1
909,"合わせ出汁",NULL,0
910,"菜の花","なのはな",1
911,"栗","くり",1
912,"昆布だし",NULL,0
913,"たけのこ","たけのこ",6
914,"マサラ","まさら",1
915,"生クリーム乳脂肪分",NULL,0
916,"イチゴ","いちご",8
917,"丸鶏","まるどり",1
918,"ミニトマト","みにとまと",4
919,"オレガノ","おれがの",2
920,"ブロード","ぶろーど",2
921,"豚挽き肉",NULL,0
922,"きのこ","きのこ",1
923,"シーフードミックス","しーふーどみっくす",2
924,"唐辛子粉",NULL,0
925,"エリンギ","えりんぎ",1
926,"牛こま切れ肉・バラ肉",NULL,0
927,"魚のあら",NULL,0
928,"ピュアオリーブオイル","ぴゅあおりーぶおいる",1
929,"ペルノー","ぺるのー",1
930,"粉末チキンブイヨン",NULL,0
931,"ホタテの貝柱",NULL,0
932,"ほうぼう","ほうぼう",1
933,"有頭エビ",NULL,0
934,"魚のスープ",NULL,0
935,"ジャガイモ大",NULL,0
936,"きぬさや","きぬさや",2
937,"鶏モモ","とりもも",1
938,"ゴボウ","ごぼう",10
939,"レンコン","れんこん",3
940,"キヌサヤ","きぬさや",2
941,"椎茸もどし汁",NULL,0
942,"打ち粉用の小麦粉",NULL,0
943,"黒糖","こくとう",1
944,"コンデンスミルク","こんでんすみるく",1
945,"はちみつ","はちみつ",6
946,"シーユーダム","しーゆーだむ",2
947,"シーユーカオ","しーゆーかお",1
948,"シーズニングソース","しーずにんぐそーす",1
949,"こし餡","こしあん",2
950,"のり","のり",4
951,"がり","がり",1
952,"豚肩ロースあらびき肉",NULL,0
953,"あらびき黒コショウ",NULL,0
954,"氷水","こおりみず",1
955,"羊の腸",NULL,0
956,"野菜スープ",NULL,0
957,"マッシュポテト","まっしゅぽてと",1
958,"ローズマリー・イタリアンパセリなど","ろーずまりー・いたりあんぱせりなど",1
959,"舞茸","まいたけ",3
960,"米油またはサラダ油",NULL,0
961,"西京白みそ",NULL,0
962,"練りごま",NULL,0
963,"青柚子",NULL,0
964,"福神漬","ふくじんづけ",1
965,"塩茹で枝豆",NULL,0
966,"スライスハム","すらいすはむ",1
967,"梅干し","うめぼし",2
968,"無調整豆乳",NULL,0
969,"アタ","あた",1
970,"打ち粉","うちこ",1
971,"若鶏","わかどり",1
972,"丁子","ちょうじ",1
973,"香味野菜",NULL,0
974,"ポロねぎ","ぽろねぎ",1
975,"ライスペーパー","らいすぺーぱー",1
976,"香菜など",NULL,0
977,"ビーフンもしくは春雨",NULL,0
978,"肉もしくは魚",NULL,0
979,"チリソース","ちりそーす",2
980,"イサキ","いさき",1
981,"バカリャウ","ばかりゃう",1
982,"ブアダラ","ぶあだら",1
983,"冷凍フライドポテト",NULL,0
984,"オリーブの実",NULL,0
985,"マダイ","まだい",3
986,"エクストラバージンオリーブオイル","えくすとらばーじんおりーぶおいる",6
987,"グレープフルーツ果汁",NULL,0
988,"柚子こしょう",NULL,0
989,"紅たで","べにたで",1
990,"グレープフルーツ","ぐれーぷふるーつ",1
991,"チャービル","ちゃーびる",1
992,"チェリートマト","ちぇりーとまと",1
993,"胡麻","ごま",7
994,"練り胡麻",NULL,0
995,"椎茸の戻し汁",NULL,0
996,"蒟蒻","こんにゃく",5
997,"枝豆","えだまめ",1
998,"酢飯","すめし",1
999,"マグロ","まぐろ",4
1000,"白煎り胡麻",NULL,0
1001,"ツナ","つな",1
1002,"ドライポルチーニ","どらいぽるちーに",2
1003,"打ち粉用強力粉",NULL,0
1004,"ヴィネガー","ゔぃねがー",1
1005,"カルヴァドス","かるゔぁどす",1
1006,"塗り卵",NULL,0
1007,"小豆","あずき",1
1008,"ザラメ","ざらめ",1
1009,"白玉子",NULL,0
1010,"ぶぶあられ","ぶぶあられ",1
1011,"葛粉","くずこ",1
1012,"ガムシロップ","がむしろっぷ",1
1013,"こしあん","こしあん",2
1014,"おから","おから",1
1015,"甘塩タラ",NULL,0
1016,"レタス・サニーレタス","れたす・さにーれたす",1
1017,"トレビス","とれびす",1
1018,"ルッコラ","るっこら",2
1019,"アンディーブ","あんでぃーぶ",1
1020,"じゃが芋","じゃがいも",32
1021,"ツナ缶",NULL,0
1022,"コーン","こーん",1
1023,"ヴァージンオイル","ゔぁーじんおいる",1
1024,"赤ワインヴィネガー",NULL,0
1025,"粒なしマスタード",NULL,0
1026,"塩・コショウ","しおこしょう",7
1027,"塩・こしょう","しおこしょう",7
1028,"鮮魚","せんぎょ",1
1029,"春巻きの皮",NULL,0
1030,"わかめ","わかめ",1
1031,"絹ごし豆腐","きぬごしどうふ",1
1032,"四川辣椒粉",NULL,0
1033,"バスマティライス","ばすまてぃらいす",1
1034,"ミントリーフ","みんとりーふ",1
1035,"フライオニオン","ふらいおにおん",1
1036,"フライカシューナッツ","ふらいかしゅーなっつ",1
1037,"わかさぎ","わかさぎ",1
1038,"韓国春雨",NULL,0
1039,"クーベルチュールチョコレートA","くーべるちゅーるちょこれーと",5
1040,"クーベルチュールチョコレートB","くーべるちゅーるちょこれーと",5
1041,"ヘーゼルナッツ","へーぜるなっつ",1
1042,"ドライアプリコット","どらいあぷりこっと",1
1043,"グランマルニエ","ぐらんまるにえ",1
1044,"蛍烏賊","ほたるいか",1
1045,"レモンの絞り汁",NULL,0
1046,"粉からし",NULL,0
1047,"フランスパンの粉",NULL,0
1048,"製菓用米粉",NULL,0
1049,"ミックスチーズ","みっくすちーず",2
1050,"粉チ一ズ",NULL,0
1051,"ゴルゴンゾーラチーズ","ごるごんぞーらちーず",1
1052,"バルサミコ酢",NULL,0
1053,"アンチョビ","あんちょび",2
1054,"オニオンキャラメル","おにおんきゃらめる",1
1055,"黄味","きみ",1
1056,"白練り胡麻",NULL,0
1057,"おくら","おくら",2
1058,"豚バラ肉塊",NULL,0
1059,"コリアンダーパウダー","こりあんだーぱうだー",1
1060,"スパゲティ","すぱげてぃ",1
1061,"むきえび","むきえび",6
1062,"若鶏もも肉",NULL,0
1063,"スナップエンドウ","すなっぷえんどう",1
1064,"豚の脂身",NULL,0
1065,"ホワイトペッパー","ほわいとぺっぱー",1
1066,"スイートチリソース","すいーとちりそーす",2
1067,"鴨肉","かもにく",1
1068,"白葱","しろねぎ",1
1069,"鰆","さわら",1
1070,"だし醤油",NULL,0
1071,"煎茶","せんちゃ",1
1072,"刻み海苔",NULL,0
1073,"青パパイヤ",NULL,0
1074,"牡蠣","かき",3
1075,"鰹と昆布だし",NULL,0
1076,"鯛","たい",1
1077,"米酢","こめず",4
1078,"アーティチョーク","あーてぃちょーく",1
1079,"マジョラム","まじょらむ",1
1080,"とうもろこし","とうもろこし",1
1081,"モンゴウイカ","もんごういか",1
1082,"葱","ねぎ",6
1083,"エバミルク","えばみるく",1
1084,"鶏油","ちーゆ",2
1085,"ツナムース","つなむーす",1
1086,"無塩トマトジュース",NULL,0
1087,"フルーツトマト","ふるーつとまと",2
1088,"スパゲティー","すぱげてぃー",1
1089,"ロメインレタス","ろめいんれたす",1
1090,"アンチョビペースト","あんちょびぺーすと",1
1091,"ジャイアントコーン","じゃいあんとこーん",1
1092,"オクラ","おくら",2
1093,"ラディッシュ","らでぃっしゅ",1
1094,"エクストラヴァージンオリーブオイル","えくすとらゔぁーじんおりーぶおいる",1
1095,"チャナ豆・乾燥",NULL,0
1096,"トマトピューレ","とまとぴゅーれ",2
1097,"鯖の切り身",NULL,0
1098,"板チョコ","いたちょこ",2
1099,"いちご","いちご",8
1100,"仔牛の骨付きロース肉",NULL,0
1101,"ひまわり油",NULL,0
1102,"りんご","りんご",4
1103,"パイナップル","ぱいなっぷる",2
1104,"餅米の粉",NULL,0
1105,"ジャム用グラニュー糖",NULL,0
1106,"カステラカマボコ","かすてらかまぼこ",1
1107,"国産米","こくさんまい",1
1108,"粉ゼラチン",NULL,0
1109,"マンゴーピューレ","まんごーぴゅーれ",1
1110,"マンゴー","まんごー",1
1111,"イイダコ","いいだこ",1
1112,"ゴーヤ","ごーや",2
1113,"島豆腐",NULL,0
1114,"豚バラ肉スライス",NULL,0
1115,"赤身牛もも肉",NULL,0
1116,"鶏がら","とりがら",1
1117,"牛肉赤ミンチ",NULL,0
1118,"柏の葉","かしわのは",1
1119,"大納言","だいなごん",1
1120,"アボカド","あぼかど",1
1121,"ペルー産オリーブ",NULL,0
1122,"鯛の頭",NULL,0
1123,"本くず粉",NULL,0
1124,"紅茶の葉",NULL,0
1125,"紅茶のリキュール",NULL,0
1126,"ホイップクリーム","ほいっぷくりーむ",2
1127,"トマト水煮缶",NULL,0
1128,"野菜の茹で汁",NULL,0
1129,"白菜キムチ",NULL,0
1130,"もみ海苔","もみのり",1
1131,"キューリ","きゅーり",1
1132,"そーめん、冷麦、韓国冷麺",NULL,0
1133,"吉野葛",NULL,0
1134,"白胡麻ペースト",NULL,0
1135,"もみじおろし","もみじおろし",1
1136,"鶏モモ肉/塩",NULL,0
1137,"モミジ/粒コショウ",NULL,0
1138,"バイトーイ","ばいとーい",1
1139,"ホムデン","ほむでん",3
1140,"ガディアム","がでぃあむ",2
1141,"カティアムチュウ","かてぃあむちゅう",1
1142,"カティアム","かてぃあむ",1
1143,"プリッキーヌ","ぷりっきーぬ",1
1144,"タチオチ","たちおち",1
1145,"ナムソム","なむそむ",1
1146,"キュウリ・トマト・パクチー","きゅうり・とまと・ぱくちー",1
1147,"マナオ","まなお",1
1148,"野菜","やさい",1
1149,"かつお出汁",NULL,0
1150,"ヒヨコ豆","ひよこまめ",2
1151,"ゴマペースト","ごまぺーすと",2
1152,"ヒヨコ豆の茹で汁",NULL,0
1153,"カットトマト水煮缶",NULL,0
1154,"粗挽きコショウ",NULL,0
1155,"バンズ","ばんず",1
1156,"牛脂","ぎゅうし",1
1157,"スパイスミックス","すぱいすみっくす",1
1158,"カレイ","かれい",1
1159,"小なす","こなす",1
1160,"バニラオイル","ばにらおいる",1
1161,"米麺",NULL,0
1162,"桜海老","さくらえび",3
1163,"とき卵",NULL,0
1164,"ココナッツシュガー","ここなっつしゅがー",1
1165,"ライム","らいむ",1
1166,"サクランボ","さくらんぼ",1
1167,"リキュール","りきゅーる",1
1168,"市販のアイスクリーム",NULL,0
1169,"苺ジャム",NULL,0
1170,"アイスクリーム","あいすくりーむ",1
1171,"ピスタチオ","ぴすたちお",1
1172,"赤すぐり",NULL,0
1173,"ブラックベリー","ぶらっくべりー",1
1174,"レッドキドニービーンズ","れっどきどにーびーんず",1
1175,"ストック","すとっく",1
1176,"セージ","せーじ",1
1177,"柿","かき",3
1178,"削り節","けずりぶし",1
1179,"カソナード","かそなーど",1
1180,"蜂蜜","はちみつ",6
1181,"乾燥わかめ",NULL,0
1182,"こんぶ","こんぶ",7
1183,"塩水","しおみず",1
1184,"土佐酢",NULL,0
1185,"プレーンヨーグルト","ぷれーんよーぐると",1
1186,"獅子唐辛子","ししとうがらし",1
1187,"新玉葱",NULL,0
1188,"ココナッツファイン","ここなっつふぁいん",3
1189,"チャナダール豆",NULL,0
1190,"タピオカ","たぴおか",1
1191,"カッペリーニ","かっぺりーに",1
1192,"にんにくオイル","にんにくおいる",3
1193,"白マッシュルーム",NULL,0
1194,"ディジョンマスタード","でぃじょんますたーど",1
1195,"白ビール",NULL,0
1196,"ひな鶏",NULL,0
1197,"朝鮮人参","ちょうせんにんじん",1
1198,"なつめ","なつめ",1
1199,"生栗","なまぐり",1
1200,"鶏手羽先",NULL,0
1201,"魚のすり身",NULL,0
1202,"マスカルポーネチーズ","ますかるぽーねちーず",1
1203,"ビスコッティ・サヴォイアルディ","びすこってぃ・さゔぉいあるでぃ",1
1204,"エスプレッソ","えすぷれっそ",1
1205,"リングイーネ","りんぐいーね",1
1206,"長粒米","ちょうりゅうまい",1
1207,"鶏ガラスープの素",NULL,0
1208,"ココナッツミルク缶",NULL,0
1209,"クローブ","くろーぶ",2
1210,"レモンの表皮",NULL,0
1211,"牛すじ肉",NULL,0
1212,"フォン・ブラン・ド・ヴォライユ","ふぉん・ぶらん・ど・ゔぉらいゆ",1
1213,"バニラエキス","ばにらえきす",1
1214,"有塩バター",NULL,0
1215,"カスタードクリーム","かすたーどくりーむ",1
1216,"付け合せの野菜",NULL,0
1217,"干鱈",NULL,0
1218,"タイバジルなどの葉",NULL,0
1219,"牛もも肉ブロック",NULL,0
1220,"姫竹",NULL,0
1221,"白ワイン又は水",NULL,0
1222,"牛ロース薄切り肉",NULL,0
1223,"焼き豆腐","やきどうふ",1
1224,"しらたき","しらたき",1
1225,"生しいたけ",NULL,0
1226,"えのきたけ","えのきたけ",1
1227,"牛脂、砂糖",NULL,0
1228,"ミルクチョコレート","みるくちょこれーと",1
1229,"キルシュヴァッサー","きるしゅゔぁっさー",1
1230,"冷凍チェリー",NULL,0
1231,"フォンドボー","ふぉんどぼー",2
1232,"サラダリーフ","さらだりーふ",1
1233,"チキン","ちきん",1
1234,"オレンジジュース","おれんじじゅーす",1
1235,"カイワレ","かいわれ",4
1236,"豚ローススライス",NULL,0
1237,"鱚","きす",1
1238,"生姜おろし",NULL,0
1239,"だしの素",NULL,0
1240,"生クリームもしくはサワークリーム",NULL,0
1241,"トッポギ","とっぽぎ",1
1242,"豚肩スライス",NULL,0
1243,"白ねぎ",NULL,0
1244,"青ネギ",NULL,0
1245,"スピルリナ","すぴるりな",1
1246,"粉マスタード",NULL,0
1247,"ワインビネガー","わいんびねがー",1
1248,"すましバター","すましばたー",1
1249,"わけぎ","わけぎ",1
1250,"ゆでだこ","ゆでだこ",1
1251,"練りからし",NULL,0
1252,"白みそ","しろみそ",1
1253,"生さば",NULL,0
1254,"白ネギ",NULL,0
1255,"黒砂糖","くろざとう",1
1256,"チャナダル豆",NULL,0
1257,"パプリカ粉末",NULL,0
1258,"かつおだしの素",NULL,0
1259,"さきイカ","さきいか",1
1260,"炒りごま",NULL,0
1261,"タカのツメ","たかのつめ",7
